"mape","daycounts"
1.75650961675989,22
2.00616968433086,22
1.91059768737158,22
1.93532313463763,22
1.802901804126,22
1.81355080470947,22
1.94897470069149,22
1.64059691907394,22
1.65207023787394,22
2.34691925859285,22
2.93185849634079,22
