"mape","daycounts"
23.5420632050786,35
25.3934073186421,35
35.4178405612279,35
29.5318484470719,35
33.9883970558406,35
32.3269288685942,35
34.9183431769046,35
28.6152964333103,35
36.8140622857632,35
37.8139440222112,35
32.5325839283256,35
22.3186165332565,35
28.5350740744214,35
30.3960304051026,35
25.5960206188907,35
37.3794479498954,35
36.9799868799456,35
