"mape","daycounts"
5.74073325623417,28
6.53403966452436,28
5.54423066280923,28
5.26711848933003,28
4.47746987624736,28
5.31433432753665,28
5.34197335148192,28
5.66893552285964,28
7.70034925006945,28
6.80382806360874,28
7.39737611781161,28
5.98293332561333,28
6.16654823733662,28
5.50207798941789,28
