"mape","daycounts"
2.09743632692266,5
1.75455113215232,5
