"mape","daycounts"
3.63721597951874,7
2.90295058787663,7
3.55084705922025,7
3.56252046440044,7
