"mape","daycounts"
0.433034039030076,21
0.127852937280972,21
0.0732459040352503,21
0.1152022707049,21
0.116229230725649,21
0.0890083299302712,21
0.182008601243109,21
0.150486081202757,21
0.34864367554365,21
0.402847528493716,21
