"mape","daycounts"
1.98312418985957,22
1.56380191980584,22
1.46517967620163,22
1.03935855175908,22
1.13613727599037,22
1.73581601322135,22
1.36526379195789,22
1.65039254474365,22
1.21958628262614,22
1.26975266135281,22
1.0901958842769,22
