"mape","daycounts"
1.2196739539383,14
1.08845696656698,14
0.928538343749316,14
1.03198340704467,14
0.599324562497682,14
0.835577781576919,14
0.94723790083726,14
