"mape","daycounts"
12.318641066771,41
11.4774241194923,41
11.3388160273678,41
19.5553640408102,41
18.9529618934949,41
12.4119524523544,41
12.4293634562695,41
11.7207990870259,41
11.3625564082676,41
12.332056380967,41
11.4933309790863,41
12.2631030627837,41
12.5461077049035,41
12.1751617130579,41
12.0682836667752,41
11.9974677121616,41
12.1054211748554,41
12.6431617292886,41
15.9085058649991,41
16.4197525122999,41
