"mape","daycounts"
1.79461538664757,10
1.92402914433058,10
1.59244572071477,10
1.77929684159082,10
1.80875781187203,10
