"mape","daycounts"
1.16141721421448,25
2.19003441670437,25
1.23577610538833,25
1.71477403968679,25
0.512911910276303,25
0.769244259440341,25
0.397936333983728,25
1.2959761745395,25
1.05737821981914,25
1.15707490064146,25
0.752899353281113,25
1.06531932426233,25
