"mape","daycounts"
4.78881490770208,24
3.4232490309377,24
3.97500022780757,24
2.28227172042138,24
2.29294789633048,24
4.3555889322353,24
3.74273029681596,24
27.0215830460879,24
30.4363364273678,24
34.1664878413188,24
33.830983863,24
37.0005508361225,24
