"mape","daycounts"
0.363556062105583,23
0.302621989647566,23
0.324209248766355,23
0.339485397749534,23
0.378622559720066,23
0.365428562447439,23
0.359773104579893,23
0.423422428168933,23
0.359036592984625,23
0.39888055666305,23
0.388863227844787,23
