"mape","daycounts"
1.47031476113993,45
1.49757506060038,45
1.55329537659405,45
1.55182900961342,45
1.93572433872105,45
1.41236968014059,45
1.77023387655143,45
1.61841907683299,45
1.54656319025488,45
1.67348863656796,45
1.60735862188208,45
1.56775717214756,45
1.54911074446941,45
1.54778301722889,45
1.40777479012539,45
1.85391952895511,45
1.52113636647755,45
1.58492724257674,45
1.29678410737519,45
1.45367280711896,45
1.13553083491816,45
2.3029890785152,45
