"mape","daycounts"
6.55885512834446,21
5.87368972414437,21
6.93518525316787,21
7.14536900012493,21
7.36943977474232,21
5.17404429615917,21
6.43005748758897,21
6.55404166683863,21
5.423459035693,21
6.59292414119352,21
6.94547284216886,21
