"mape","daycounts"
0.353338421787195,8
0.475183069362478,8
0.328638548782906,8
0.496078503054257,8
