"mape","daycounts"
0.797005201149607,20
0.734257858090481,20
0.674796548166418,20
1.00273650224618,20
0.753125083784093,20
0.796803182354957,20
0.573174713004438,20
0.626368513163235,20
0.507023599890005,20
1.33309871512897,20
