"mape","daycounts"
2.40698231833507,21
2.35595023145973,21
2.34577261802634,21
2.25620749497344,21
2.19553670671778,21
2.21536210546504,21
2.18147749542475,21
2.24036319396351,21
1.62711644075624,21
2.44529359778564,21
2.39902085412764,21
