"mape","daycounts"
7.90307046380575,21
7.44386679877981,21
8.9795413804056,21
7.96873972789903,21
8.03549897409551,21
7.88230657313693,21
8.944453783779,21
6.63688013099537,21
8.47979304759337,21
8.13519976409068,21
