"mape","daycounts"
2.2211271582411,10
1.80603197719978,10
0.988301510399434,10
1.09738418559608,10
1.25722690095067,10
