"mape","daycounts"
11.4542776545724,38
10.9829971327419,38
9.81211838086555,38
9.63083183298964,38
10.6639828946122,38
7.2619401379718,38
7.47402325488401,38
8.65005153070267,38
8.35399940884384,38
8.28688937567035,38
8.02315952543164,38
7.41811513104962,38
7.10264148605904,38
7.96771860140027,38
7.96677983952474,38
8.4417900365819,38
13.8544144393361,38
13.1740328475936,38
14.5483536547032,38
