"mape","daycounts"
0.544556438971184,10
0.986491151614636,10
1.19597342051675,10
0.476753196845088,10
0.867795942213842,10
