"mape","daycounts"
5.42073183433414,8
5.51653147788835,8
6.05558217133128,8
6.12416473754855,8
