"mape","daycounts"
0.463167739664738,21
0.396727997182466,21
0.425073616727498,21
0.406878521647733,21
0.432822904265809,21
0.406647547379315,21
0.541319209919245,21
0.406627740366923,21
0.334934337478869,21
0.353470343030375,21
