"mape","daycounts"
3.8516509256561,10
4.35093195032456,10
3.44607081662094,10
7.9440867402637,10
7.06976586592851,10
