"mape","daycounts"
8.00617947425043,8
8.39404565723487,8
7.89679520122989,8
9.04743090227644,8
