"mape","daycounts"
5.75154511685111,28
6.53060310501611,28
5.54823576753529,28
5.28615868835715,28
4.49122158797849,28
5.3268701292597,28
5.34568793075903,28
5.67990776404007,28
7.69702676154257,28
6.81288099127294,28
7.39732595557799,28
6.0022971337242,28
6.16088149578253,28
5.51022299248244,28
