"mape","daycounts"
23.5335677142208,35
25.4040860348816,35
35.4134536347774,35
29.5445877329295,35
33.9706108556625,35
32.3484290804762,35
34.9038811639573,35
28.6373104033959,35
36.8193560410441,35
37.7967060334859,35
32.5361667136256,35
22.3036196736416,35
28.5139826721128,35
30.3676764364787,35
25.6298019446047,35
37.3828173613228,35
36.9902105159432,35
