"mape","daycounts"
3.8494025190797,10
4.34851607583731,10
3.44344553007022,10
7.94441473882951,10
7.06849770746717,10
