"mape","daycounts"
0.24794181117375,28
0.249354245680397,28
0.223967583573063,28
0.282263377852533,28
0.393742078390833,28
0.398408999724269,28
0.23322952561573,28
0.214221674607917,28
0.432209054541419,28
0.412233766899227,28
0.472717290209714,28
0.307749557884523,28
0.189191255144194,28
0.341068380839393,28
