"mape","daycounts"
0.361910373492559,23
0.30256536634112,23
0.324543146229996,23
0.336856815455155,23
0.376045284983645,23
0.362587845992634,23
0.35280170498349,23
0.419423898930735,23
0.368082773890472,23
0.392424844323387,23
0.389060606291729,23
