"mape","daycounts"
1.26923763867149,14
1.14445764560157,14
0.928290084211383,14
1.03487665766116,14
0.598382254829786,14
0.844021451815087,14
0.947740157063891,14
