"mape","daycounts"
0.541973691655643,10
0.986600953675085,10
1.19985053115789,10
0.481407488263087,10
0.868738366838763,10
