"mape","daycounts"
5.4210484373283,8
5.51752419548085,8
6.05606309937245,8
6.12448925425438,8
