"mape","daycounts"
1.47778987324551,45
1.50856048301547,45
1.54811610191087,45
1.56465343801623,45
1.94172361280835,45
1.4219596447895,45
1.78058345188327,45
1.62480355793266,45
1.54694829281847,45
1.6663942182663,45
1.65665337323549,45
1.58118545058911,45
1.57267772106012,45
1.54467733040578,45
1.43706961638559,45
1.84823822372788,45
1.51982201534691,45
1.5902164047293,45
1.28950606857417,45
1.43615016460423,45
1.15789068240336,45
2.29250434145823,45
