"mape","daycounts"
2.20821762620741,10
1.79457266087336,10
0.989036438344477,10
1.09752325987991,10
1.25734956963134,10
