"mape","daycounts"
3.64084209584086,7
2.90650678083835,7
3.55375033666268,7
3.56465225928124,7
