"mape","daycounts"
0.786402545099642,20
0.741739909349386,20
0.667919274451298,20
1.00030612937049,20
0.760148120230806,20
0.793214383817866,20
0.572728276172783,20
0.677257885514519,20
0.465736327147312,20
1.30334601578802,20
