"mape","daycounts"
1.98311283654603,22
1.56175959299816,22
1.4660361175461,22
1.03895605998678,22
1.1353538580809,22
1.73692823516791,22
1.36585381130518,22
1.65096594031233,22
1.219600272236,22
1.27138196530276,22
1.09107433355582,22
