"mape","daycounts"
6.92557708400502,25
7.90161095441673,25
8.63327157903491,25
8.65595005801007,25
8.91283187802827,25
8.39952213306452,25
8.68579409074355,25
8.26524969457001,25
8.96550702708083,25
7.60688980208544,25
7.56249494422009,25
8.68825823766723,25
10.0330149349166,25
