"mape","daycounts"
2.09731103426377,5
1.75415636423496,5
