"mape","daycounts"
1.20691752226094,25
2.17918376295906,25
1.23495950052703,25
1.700486225147,25
0.504841690405972,25
0.735457875907418,25
0.38803865796485,25
1.26534763439333,25
1.04466699037926,25
1.16846623431271,25
0.734452224954983,25
1.07588063001636,25
