"mape","daycounts"
11.4542971582144,38
10.9831715629042,38
9.81166230258041,38
9.63090953949376,38
10.6635896859957,38
7.26180126993343,38
7.47456209349203,38
8.65126949772426,38
8.35400766731251,38
8.28645075872925,38
8.02273745686015,38
7.41786329284909,38
7.10190792773657,38
7.9681224847025,38
7.96659251374904,38
8.44178662920732,38
13.853616137693,38
13.173937800362,38
14.5484626951076,38
