"mape","daycounts"
4.78423166773809,24
3.41932299872193,24
3.96779420654507,24
2.28298053955369,24
2.29124314791858,24
4.35968080970193,24
3.74610187321102,24
27.0966990353796,24
30.5429956439476,24
34.3392970323009,24
33.9681633351693,24
37.1667477835043,24
