"mape","daycounts"
0.461931541486722,21
0.399947769184913,21
0.430468727690074,21
0.407743275641461,21
0.435452749509412,21
0.408639725841975,21
0.535254347053425,21
0.413943876948747,21
0.335175229895558,21
0.353654663469046,21
