"mape","daycounts"
6.55877334047778,21
5.87349060392703,21
6.93543347463538,21
7.14631745778446,21
7.36864807641326,21
5.1734657558563,21
6.42474444748915,21
6.55365004050528,21
5.42205572030277,21
6.59273103858044,21
6.94524672036543,21
