"mape","daycounts"
1.79462967622198,10
1.92479789493316,10
1.5920113269139,10
1.77892552211121,10
1.8082816204727,10
