"mape","daycounts"
7.89529144187727,21
7.4469492503363,21
8.97403075130207,21
7.96055024311141,21
8.03138693216,21
7.8780876414797,21
8.93850816550234,21
6.64531809625625,21
8.49277327793389,21
8.13953253211262,21
