"mape","daycounts"
2.40634997126586,21
2.35578201282143,21
2.34809880606994,21
2.25984409152917,21
2.20032534360357,21
2.21682267753917,21
2.18336970017549,21
2.24144849916872,21
1.62967715606465,21
2.44500595394657,21
2.39863494195558,21
