"mape","daycounts"
0.43496609601727,21
0.126729960687915,21
0.0734051023213052,21
0.110593710423058,21
0.116150887392888,21
0.0929072155109234,21
0.17977638733112,21
0.150904933315277,21
0.349940104265487,21
0.404823597461602,21
