"mape","daycounts"
8.00904694031412,8
8.39770734327306,8
7.89271446745713,8
9.05735008875594,8
