"mape","daycounts"
0.351592949749413,8
0.475780051845965,8
0.327725850721893,8
0.495995310540201,8
