"mape","daycounts"
1.76350895520364,22
2.00373863542763,22
1.9059434503853,22
1.93155499726649,22
1.80286941456787,22
1.80880800312701,22
1.94533363709113,22
1.64857458549403,22
1.6591136717557,22
2.34821310509541,22
2.93244691058902,22
