"mape","daycounts"
12.3205759007144,41
11.4783855292521,41
11.3405688972001,41
19.5555936011314,41
18.9542349801565,41
12.4103633960422,41
12.4314005986679,41
11.7246872668638,41
11.3634603332899,41
12.3307141185348,41
11.4931589775934,41
12.2696276039995,41
12.5451321046124,41
12.1746445109263,41
12.0664533004649,41
11.9939682440415,41
12.1057612636077,41
12.644935419975,41
15.9092564191252,41
16.4185271294662,41
