"mape","daycounts"
7.82944317683769,22
6.74679998374701,22
6.85228342379583,22
6.9527667692132,22
7.28190566127354,22
7.1340866639715,22
6.64802282420223,22
6.62717761342741,22
6.1974218659121,22
7.2684791647523,22
6.59461419068231,22
