"mape","daycounts"
8.00923394139006,8
8.39857394534607,8
7.89241903971881,8
9.05640212528839,8
