"mape","daycounts"
1.79540208627592,10
1.92641724842904,10
1.59344200760334,10
1.77899277008238,10
1.80810418658649,10
