"mape","daycounts"
7.82432535085006,22
6.74750605943895,22
6.85294735793005,22
6.95248329986367,22
7.28056877714739,22
7.13279919982792,22
6.64918571515747,22
6.62965589022325,22
6.19789563439549,22
7.27337455205487,22
6.59583012473951,22
