"mape","daycounts"
1.9810495424622,22
1.57513788098842,22
1.45524616725038,22
1.03551337366807,22
1.13129740506865,22
1.73464376042611,22
1.36735544306988,22
1.64766950657476,22
1.2107689065893,22
1.26793252947078,22
1.08764512548319,22
