"mape","daycounts"
0.355719630973657,8
0.475662174430522,8
0.329698134031379,8
0.495963332586032,8
