"mape","daycounts"
23.5341799084212,35
25.4055115808166,35
35.4245384587771,35
29.5436143822843,35
33.9682307954703,35
32.3409220384641,35
34.904906336626,35
28.6327961887682,35
36.8245206300051,35
37.7984132052491,35
32.5386541854701,35
22.3016641187539,35
28.5193760476344,35
30.3736725706601,35
25.6297806714729,35
37.3842157994723,35
36.995734904429,35
