"mape","daycounts"
5.75380683366281,28
6.52866161548561,28
5.54709328437555,28
5.28731144415019,28
4.49115262453335,28
5.32537891452891,28
5.34425950030529,28
5.6801306179599,28
7.6992132876162,28
6.81150249299402,28
7.39442821008529,28
5.99960872901626,28
6.15931188269753,28
5.50606618076061,28
