"mape","daycounts"
0.240381606737674,28
0.277789163176191,28
0.257519326518039,28
0.267423548108502,28
0.429252073993485,28
0.403136266994204,28
0.243976872142962,28
0.217165574676687,28
0.426270818602946,28
0.401313138615854,28
0.451156262905574,28
0.346886450410617,28
0.206897489487644,28
0.378546021076705,28
