"mape","daycounts"
2.40689723918317,21
2.35598200732087,21
2.34870122429523,21
2.25987364645487,21
2.19948537921899,21
2.21707137466748,21
2.18252563072509,21
2.24048874026362,21
1.62943925323316,21
2.44631350867426,21
2.3991003519681,21
