"mape","daycounts"
2.20904715698876,10
1.79508975185974,10
0.989127480300199,10
1.09745829626667,10
1.2577916608824,10
