"mape","daycounts"
1.25646133127825,14
1.13041075042079,14
0.927271620637039,14
1.03495071364125,14
0.597714995675298,14
0.84146177692293,14
0.948794726683528,14
