"mape","daycounts"
0.544026565684346,10
0.980403896684842,10
1.24901853721346,10
0.490818989784317,10
0.843434321940694,10
