"mape","daycounts"
11.4509087774037,38
10.982407740543,38
9.81845744881339,38
9.63287544808686,38
10.6648056986402,38
7.26082135281046,38
7.47166858186315,38
8.66182322526916,38
8.37653424847536,38
8.29061543170963,38
8.02858671161733,38
7.41852521685631,38
7.10438206922803,38
7.9663283080168,38
7.96783168492472,38
8.4380933596708,38
13.8502621437514,38
13.1643887929724,38
14.5447019136263,38
