"mape","daycounts"
3.84985367851983,10
4.34744069962648,10
3.43964910963829,10
7.94225392870098,10
7.06590676312729,10
