"mape","daycounts"
0.453838147322332,21
0.39431268121437,21
0.431365124412829,21
0.412051579043493,21
0.433483954661607,21
0.410924356060812,21
0.525207718466443,21
0.414759326627661,21
0.344208157625273,21
0.353840212846071,21
