"mape","daycounts"
6.54970398382805,21
5.84480111850291,21
6.89841123274279,21
7.15065447353798,21
7.38002305402398,21
5.16814118005491,21
6.44904295567514,21
6.59152900848339,21
5.40631277906874,21
6.59027874027993,21
6.9519338467156,21
