"mape","daycounts"
2.09319055823138,5
1.75118398807782,5
