"mape","daycounts"
0.336859535816305,23
0.299619197286897,23
0.330329660856681,23
0.329686497969596,23
0.383989162960779,23
0.348056684947478,23
0.344777637513092,23
0.399506513225695,23
0.352129499037734,23
0.380872515868097,23
0.379002974310863,23
