"mape","daycounts"
3.64083970349599,7
2.9065054385095,7
3.55381161754314,7
3.56466060777709,7
