"mape","daycounts"
1.76344646946046,22
2.00335064157293,22
1.90657774701147,22
1.9329088940115,22
1.80163116748026,22
1.8099296973658,22
1.94585702975091,22
1.64877357784011,22
1.65942403784783,22
2.34721462638695,22
2.93214494731881,22
