"mape","daycounts"
7.89692251253745,21
7.44744612535777,21
8.97463140716838,21
7.96105156348765,21
8.0293710523216,21
7.87849007913679,21
8.92896619035008,21
6.64748206394,21
8.49108900607499,21
8.13913071901484,21
