"mape","daycounts"
5.42013377321135,8
5.51622482630812,8
6.05515400177725,8
6.12392866178715,8
