"mape","daycounts"
1.19678512960225,25
2.15936049768732,25
1.27212620303336,25
1.70935501528805,25
0.510996465365088,25
0.7382720623298,25
0.393216415623339,25
1.25403465377771,25
1.03285456185609,25
1.15913277736801,25
0.72621259959164,25
1.08430059631206,25
