"mape","daycounts"
0.785986839658056,20
0.741459979756123,20
0.666259953531009,20
0.999714733103261,20
0.760106003478267,20
0.793747928922014,20
0.571503599270181,20
0.677961166897861,20
0.465116169903621,20
1.30160317324436,20
