"mape","daycounts"
6.60713085365297,23
6.38150802243933,23
6.5713534287767,23
5.91913998777114,23
6.17349504867737,23
5.87498438615772,23
5.74160689158032,23
6.47287842555317,23
6.68945723141835,23
6.42588516139999,23
8.01404126441618,23
7.91365336991826,23
