"mape","daycounts"
6.92425549609791,25
7.90173725087412,25
8.63515266335878,25
8.65722274270321,25
8.9106908689181,25
8.39703299260277,25
8.68680702083893,25
8.26585798042387,25
8.96605110101525,25
7.60621809674422,25
7.56109629697939,25
8.69190661499101,25
10.036742345802,25
