"mape","daycounts"
12.3202064577059,41
11.4789423945805,41
11.3429220899533,41
19.5518571313891,41
18.9525492489567,41
12.4064628023701,41
12.4322550407951,41
11.7277038225098,41
11.3655777391468,41
12.3277268590632,41
11.4977798562161,41
12.2707741261586,41
12.5430574644987,41
12.1734776582394,41
12.0639802894816,41
11.9925902609032,41
12.1016992892788,41
12.6515182014385,41
15.9088419736423,41
16.4208236366823,41
