"mape","daycounts"
0.238063921732643,28
0.278674715479611,28
0.258645519916095,28
0.264384103869082,28
0.422508822087779,28
0.403508879826834,28
0.242201621965812,28
0.215167615848141,28
0.426903142868684,28
0.402123209062477,28
0.457042162962828,28
0.330891890029621,28
0.190002480179977,28
0.368418243759459,28
