"mape","daycounts"
5.75870522511747,28
6.54601717819824,28
5.56837557721187,28
5.3109525293775,28
4.51997004418464,28
5.34319319552953,28
5.34479747008326,28
5.67597206580477,28
7.69582350352095,28
6.80741936473978,28
7.38811258981551,28
6.00483544414652,28
6.15378025012635,28
5.5241895833383,28
