"mape","daycounts"
0.456597962479753,21
0.388444857738567,21
0.432362066834749,21
0.409616965790038,21
0.439407773183651,21
0.409773468093203,21
0.526981407915855,21
0.403198004978227,21
0.347157350434481,21
0.353831246953438,21
