"mape","daycounts"
1.79555445969769,10
1.92649162170094,10
1.59330231262641,10
1.77897152999748,10
1.80811929821648,10
