"mape","daycounts"
2.21837182553185,10
1.80184016929708,10
0.984988679490252,10
1.09470723134702,10
1.25574081301365,10
