"mape","daycounts"
7.89692205157424,21
7.44745699498729,21
8.9746203396252,21
7.96105819456186,21
8.0293516022149,21
7.87846686968043,21
8.92886126987196,21
6.64752472936913,21
8.49117367769983,21
8.1392060852904,21
