"mape","daycounts"
3.8498133582978,10
4.34733742275289,10
3.43940628366028,10
7.94148559410046,10
7.06561353514121,10
