"mape","daycounts"
1.26578314665479,14
1.14105476649448,14
0.928658190839247,14
1.03370615178788,14
0.599158959336817,14
0.844986500927982,14
0.949780699489542,14
