"mape","daycounts"
11.4517163179693,38
10.980365967506,38
9.8175586228201,38
9.63269370751789,38
10.6652671377396,38
7.26066258596012,38
7.47093243374003,38
8.66175434394844,38
8.3758558896633,38
8.29011362392901,38
8.02765752556796,38
7.41836141942767,38
7.10315247439327,38
7.96656088899781,38
7.96743356300148,38
8.43754916363435,38
13.8514520927311,38
13.1643914893912,38
14.5466263097898,38
