"mape","daycounts"
6.60895438176107,23
6.38927973902247,23
6.57175619684475,23
5.91823045414089,23
6.17018613074059,23
5.87317164256541,23
5.73484473124196,23
6.46525133590393,23
6.70589167960108,23
6.43993432105978,23
8.01726569778278,23
7.91472808008736,23
