"mape","daycounts"
2.40687878494831,21
2.3635024314225,21
2.34724140624134,21
2.25722649138546,21
2.19374233585907,21
2.21738700000413,21
2.17869493574021,21
2.23495799145305,21
1.63469732000097,21
2.44430464172302,21
2.39603768934824,21
