"mape","daycounts"
0.435929393194298,21
0.117482596782016,21
0.0661687673669162,21
0.101264562770586,21
0.10909087812978,21
0.097835530357044,21
0.175332594059485,21
0.142380508019017,21
0.337961146853521,21
0.384848701896488,21
