"mape","daycounts"
2.09395368545922,5
1.75160976467857,5
