"mape","daycounts"
0.336134264012726,23
0.301831205858583,23
0.329297309920009,23
0.33182334964934,23
0.384287992650676,23
0.349694860657215,23
0.342362748429708,23
0.394347698563886,23
0.354591059013481,23
0.381046923387362,23
0.372122321019721,23
