"mape","daycounts"
3.64183810950778,7
2.90859564545931,7
3.55392028616981,7
3.56485556972012,7
