"mape","daycounts"
0.521938737642306,10
0.98046141563788,10
1.24815100036408,10
0.493290928151372,10
0.830444787474353,10
