"mape","daycounts"
5.4201948900602,8
5.51638193066328,8
6.05538494855871,8
6.12413823725991,8
