"mape","daycounts"
2.03358758084821,23
1.85647434358917,23
2.15479811076707,23
2.43543865985318,23
1.94403977138325,23
1.83586729266687,23
1.48671798102764,23
1.39234394275704,23
1.48065234636833,23
2.56865792355722,23
3.26153758767249,23
3.26635428528649,23
