"mape","daycounts"
0.789438209432151,20
0.74759676074866,20
0.668861976819934,20
0.99945832823792,20
0.763538257967339,20
0.794263295276226,20
0.573448304593052,20
0.683094852868742,20
0.455699098050944,20
1.30022561863087,20
