"mape","daycounts"
1.19225881535605,25
2.14612540010526,25
1.27447128806604,25
1.71118538597731,25
0.509433683873005,25
0.740322045111411,25
0.394800761759514,25
1.20963875914263,25
1.03041413316944,25
1.15316343930849,25
0.729267194633819,25
1.08135924487495,25
