"mape","daycounts"
23.5359141419651,35
25.407055699139,35
35.4260187786149,35
29.5431984436125,35
33.9712440215505,35
32.3399267586741,35
34.909884559399,35
28.6282901647183,35
36.8191484518859,35
37.7992865293237,35
32.5424741851466,35
22.3024243129412,35
28.5232528061227,35
30.3772754192256,35
25.6265742432025,35
37.3834977167158,35
36.9972959665179,35
