"mape","daycounts"
12.3188043610118,41
11.4786147204896,41
11.3467301979115,41
19.5478896493217,41
18.9488872102875,41
12.4085153021334,41
12.4316101315802,41
11.7327351864317,41
11.365885377248,41
12.3307834389629,41
11.4945321860108,41
12.2541895123218,41
12.5418268373091,41
12.1764821279275,41
12.059209201224,41
11.9962995267981,41
12.1074496509441,41
12.6488954084658,41
15.9019094127884,41
16.4189617521154,41
