"mape","daycounts"
0.357170812129033,8
0.475545107957272,8
0.321779432994651,8
0.496559774570117,8
