"mape","daycounts"
6.55204520703382,21
5.84471125077746,21
6.89868790425578,21
7.14874080843763,21
7.3808480785046,21
5.16798268589877,21
6.44760856904037,21
6.59082008165139,21
5.40806798346086,21
6.58871635945393,21
6.95273024179816,21
