"mape","daycounts"
7.82561422798757,22
6.74740258597862,22
6.85284490351181,22
6.95228765696776,22
7.28050082454732,22
7.1326285986377,22
6.64913880390213,22
6.62969066122421,22
6.19783384295854,22
7.27334991308794,22
6.59572825874771,22
