"mape","daycounts"
8.00974051369723,8
8.40003457951431,8
7.89020754316274,8
9.0602418583236,8
