"mape","daycounts"
6.55395818853049,21
5.84867010429286,21
6.92621812794511,21
7.14800240816048,21
7.37552570599992,21
5.16051059877303,21
6.44146049414747,21
6.58325723404546,21
5.41708422982627,21
6.59288857310895,21
6.95151067626348,21
