"mape","daycounts"
5.42002967630772,8
5.51616672227716,8
6.05523619173214,8
6.12400678090225,8
