"mape","daycounts"
1.76994863794335,22
1.99930139030132,22
1.9024619010066,22
1.93006872450482,22
1.80562273396163,22
1.80303293316001,22
1.93790329912693,22
1.6520351299904,22
1.66717718225448,22
2.35164082354243,22
2.93299879673354,22
