"mape","daycounts"
0.441150893552246,21
0.111764235497892,21
0.0657524642508477,21
0.0998842799499523,21
0.109986211370326,21
0.0966762401090346,21
0.176344066451255,21
0.14522675101486,21
0.332005862054942,21
0.382029958156716,21
