"mape","daycounts"
1.19069953654736,25
2.14083112126296,25
1.27920756957479,25
1.73120038733823,25
0.508913981296476,25
0.740387281139956,25
0.395425029012418,25
1.21422629930418,25
1.02996691433642,25
1.15388689185472,25
0.729267990019567,25
1.08144659183646,25
