"mape","daycounts"
0.457143742536545,21
0.386059238341003,21
0.43695125548628,21
0.415530412886836,21
0.444242988847299,21
0.41026090048577,21
0.52232786860827,21
0.404095897045194,21
0.350010320971064,21
0.354010734899107,21
