"mape","daycounts"
7.89412439548189,21
7.44581681384801,21
8.97554846364399,21
7.9565139030178,21
8.03244370575067,21
7.87497172085765,21
8.92863426687212,21
6.64546253872985,21
8.49938875809734,21
8.1434236856328,21
