"mape","daycounts"
5.76135926117612,28
6.54951135045904,28
5.57474624951073,28
5.31743191439161,28
4.52515828841233,28
5.35258105694676,28
5.34096918962693,28
5.67757493827958,28
7.69224635083261,28
6.80286436575871,28
7.37988322640011,28
6.00596657469084,28
6.14469104332165,28
5.52562410202406,28
