"mape","daycounts"
1.26445111215581,14
1.13925983953153,14
0.928129376000876,14
1.03400150311551,14
0.599096607362629,14
0.844446625169354,14
0.950149874884256,14
