"mape","daycounts"
8.0100984734133,8
8.39974820696456,8
7.88963997325891,8
9.05909535061394,8
