"mape","daycounts"
1.98670595498943,22
1.56858960117822,22
1.4625347593581,22
1.03823134800757,22
1.13248933257292,22
1.74181417152181,22
1.38407976773141,22
1.65998612953005,22
1.22110260533832,22
1.27480265849635,22
1.09646775642049,22
