"mape","daycounts"
0.237899643141273,28
0.278637140095281,28
0.270785092622216,28
0.25957663757602,28
0.422582934122263,28
0.403484781925121,28
0.242035321570624,28
0.219755207004387,28
0.426118716146255,28
0.402425375478295,28
0.457252721897217,28
0.330292613842587,28
0.187125494954569,28
0.369837107627657,28
