"mape","daycounts"
0.358244104206181,8
0.475307817203612,8
0.327122974894603,8
0.4965691162674,8
