"mape","daycounts"
12.3050268354893,41
11.4740990979702,41
11.3416993636145,41
19.5662126197886,41
18.9872514246026,41
12.402257743319,41
12.4169492543915,41
11.6913327561189,41
11.3672703534864,41
12.3189444751314,41
11.4856404607038,41
12.261576901467,41
12.5497371166095,41
12.1844208106785,41
12.0614616211551,41
11.9898081609848,41
12.0960567227755,41
12.6340940651916,41
15.9189161640594,41
16.4330711221617,41
