"mape","daycounts"
2.5066752533826,19
2.56104340528356,19
2.55519616554821,19
2.51670739161561,19
3.05116402261505,19
2.60496560490919,19
2.73349385898557,19
2.15865819873872,19
2.17230819371821,19
2.31672220632829,19
