"mape","daycounts"
6.60944419757691,23
6.39359814112538,23
6.57684243842369,23
5.91265424159079,23
6.16738467392147,23
5.87028568739393,23
5.73617216304437,23
6.46472041128103,23
6.71338603578715,23
6.4464759252833,23
8.02428890907887,23
7.91886493054843,23
