"mape","daycounts"
0.531610930208727,10
0.972955325037098,10
1.24902484444792,10
0.495531880714364,10
0.83190356672566,10
