"mape","daycounts"
4.76712802329529,24
3.39960189852579,24
3.95263327604352,24
2.28066075265899,24
2.29202409485856,24
4.3623035512654,24
3.74512163777592,24
27.1372477943126,24
30.6711918512034,24
34.6584472380448,24
34.1155915577344,24
37.3585473242744,24
