"mape","daycounts"
6.91640872422519,25
7.90720496609228,25
8.63876040867049,25
8.65854715040225,25
8.91601655497629,25
8.39675484608371,25
8.70034052268094,25
8.27391769612008,25
8.96736164937858,25
7.617164506225,25
7.57021520209434,25
8.6875947803565,25
10.0291846457318,25
