"mape","daycounts"
0.791502811541145,20
0.7515598567365,20
0.675041082968837,20
0.994855172809396,20
0.752850661020085,20
0.799988847728363,20
0.565846336491263,20
0.685276331385312,20
0.45227347445608,20
1.29996159601394,20
