"mape","daycounts"
2.09380602966006,5
1.75142063173525,5
