"mape","daycounts"
3.84824736334171,10
4.3469693095761,10
3.44087866452743,10
7.9401263910484,10
7.06393948711773,10
