"mape","daycounts"
3.65352451584903,7
2.93899416429674,7
3.57078996187123,7
3.57950576388402,7
