"mape","daycounts"
0.336513705159361,23
0.303317017074859,23
0.330731133981436,23
0.331456808982531,23
0.383218766496557,23
0.349162569110983,23
0.341616683280677,23
0.393906794839164,23
0.362999888258124,23
0.38014855921854,23
0.372010804032023,23
