"mape","daycounts"
2.4095994308221,21
2.36109502541727,21
2.34820554065256,21
2.25648486277504,21
2.19442397189936,21
2.21288592905542,21
2.17921397411412,21
2.24385813934766,21
1.62563273553031,21
2.44615445505384,21
2.40188830891369,21
