"mape","daycounts"
1.79573083253115,10
1.92661745269546,10
1.59423668076344,10
1.77918564702596,10
1.80851622843854,10
