"mape","daycounts"
2.22119513980039,10
1.80325175471703,10
0.985094606382662,10
1.09475657613172,10
1.25569373683705,10
