"mape","daycounts"
11.4537699985657,38
10.9806815270038,38
9.8170908851238,38
9.63035441358105,38
10.6684130098213,38
7.2590922894932,38
7.47034135489787,38
8.66675650860472,38
8.37638465866398,38
8.28779273297895,38
8.02558469452345,38
7.41646171205247,38
7.10140028675767,38
7.96590218258252,38
7.96575887081801,38
8.43760371494372,38
13.8493265343034,38
13.1659645439481,38
14.5470205917955,38
