"mape","daycounts"
2.0938485558636,5
1.75144121035664,5
