"mape","daycounts"
0.783852945114107,20
0.752348924658125,20
0.670294320744846,20
0.995139466690368,20
0.754467189397192,20
0.803729267183419,20
0.55703080781354,20
0.68801932782563,20
0.445885659300577,20
1.29897830420724,20
