"mape","daycounts"
23.5389353780158,35
25.4088132276433,35
35.4288457935517,35
29.5128415824034,35
33.9605417766399,35
32.3121793950061,35
34.9067192138764,35
28.5811190371041,35
36.8192417306246,35
37.8036979902309,35
32.5629258035229,35
22.287373372469,35
28.5386750533854,35
30.4244810308495,35
25.5758230205229,35
37.399253587128,35
36.9899369418341,35
