"mape","daycounts"
3.84809467344383,10
4.34608973854426,10
3.43928880061242,10
7.93952207689264,10
7.06323218307366,10
