"mape","daycounts"
0.445711066101708,21
0.10373649175797,21
0.0739150811958399,21
0.0892622598986125,21
0.108849195792623,21
0.0958558679561932,21
0.176694261267309,21
0.135797234270092,21
0.32901790802608,21
0.379135076796548,21
