"mape","daycounts"
1.77141934877931,22
2.0006318989778,22
1.90311680786871,22
1.92826537560834,22
1.80722200503359,22
1.80496674874886,22
1.93700131005627,22
1.65361766817037,22
1.66663640313813,22
2.35084459038435,22
2.93743214656,22
