"mape","daycounts"
0.537011517861211,10
0.97829630269219,10
1.23291896853352,10
0.49203371249884,10
0.847296364768279,10
