"mape","daycounts"
2.22733296669929,10
1.80797399440757,10
0.984660577492624,10
1.0946910753625,10
1.25490323439245,10
