"mape","daycounts"
11.455682283488,38
10.9747240105691,38
9.81526442020918,38
9.63672472452763,38
10.6664801476937,38
7.26837364472236,38
7.47033414406674,38
8.66259536046567,38
8.38180621994039,38
8.29310084270717,38
8.02451186602824,38
7.41716591240194,38
7.10421648239183,38
7.97004986024372,38
7.96983390388305,38
8.43460731487032,38
13.8500783533108,38
13.1608562925339,38
14.541678690062,38
