"mape","daycounts"
2.50406827447702,19
2.56041829873711,19
2.55446114536722,19
2.51302827050433,19
3.04981093942969,19
2.60348494333498,19
2.73316485289355,19
2.15831864778789,19
2.17371290515392,19
2.31747673988942,19
