"mape","daycounts"
1.18780308972941,25
2.14355558598791,25
1.27795710670067,25
1.73161713850798,25
0.508687985844619,25
0.741366529793008,25
0.394264070168845,25
1.21453052692535,25
1.02877862472022,25
1.15363167717047,25
0.729371274154054,25
1.08144138300914,25
