"mape","daycounts"
1.28123505461698,14
1.1596740731489,14
0.928887129834702,14
1.03405020860952,14
0.597828573755913,14
0.848391368778777,14
0.951888792381224,14
