"mape","daycounts"
6.55375627657657,21
5.84931573456015,21
6.92040934052223,21
7.14799204892911,21
7.37561948850592,21
5.15882196144085,21
6.44159411067571,21
6.58352419365354,21
5.41671999434216,21
6.5924480254436,21
6.95162624149978,21
