"mape","daycounts"
6.60867765354006,23
6.39177791687475,23
6.57734438061022,23
5.9123934581699,23
6.16938444852672,23
5.86751478072551,23
5.74105494408767,23
6.46871272985197,23
6.70564547918067,23
6.44152381738369,23
8.02035786459659,23
7.91853248156972,23
