"mape","daycounts"
0.335226961781712,23
0.301831269579811,23
0.331000191214473,23
0.334023661093463,23
0.384970754926346,23
0.350707249178831,23
0.345900290902359,23
0.397012852342842,23
0.361674575687389,23
0.379873832457347,23
0.371739528633075,23
