"mape","daycounts"
8.0103491273962,8
8.40067065430121,8
7.88669490185489,8
9.06328536462817,8
