"mape","daycounts"
4.75760927490191,24
3.39076260137794,24
3.95171467808364,24
2.29200690902715,24
2.2996069256481,24
4.36744026817638,24
3.75545530214098,24
27.0930524079496,24
30.707713129235,24
34.7263061548279,24
34.1640954052026,24
37.4265592400514,24
