"mape","daycounts"
1.79625864670323,10
1.92687234483813,10
1.59284579363929,10
1.77959053634516,10
1.80902547657163,10
