"mape","daycounts"
1.48256033352666,45
1.50330202023193,45
1.54837663154855,45
1.55815697065292,45
1.94361157200384,45
1.4408532492418,45
1.77815567472153,45
1.63135909939167,45
1.5437621990769,45
1.68810587739567,45
1.67366249811403,45
1.58256044268664,45
1.5666316238993,45
1.54649386463324,45
1.42332178530887,45
1.8427763004773,45
1.52672404542952,45
1.58486615055079,45
1.29971309915442,45
1.45671153085958,45
1.15546544908755,45
2.28076564448538,45
