"mape","daycounts"
2.02984254461594,23
1.85004427982211,23
2.15055469923364,23
2.4370700562674,23
1.94309922468612,23
1.83403817844034,23
1.48275428327778,23
1.38636680127795,23
1.4790145403711,23
2.56252712525008,23
3.26491210831665,23
3.25766232944311,23
