"mape","daycounts"
0.23086123299187,28
0.281971286208525,28
0.272514516372946,28
0.260686554708705,28
0.414233765563322,28
0.409122529176596,28
0.247597102020315,28
0.226560397936101,28
0.433213530330096,28
0.400395089930456,28
0.455788132972487,28
0.323135073570729,28
0.192532921256923,28
0.364007100901111,28
