"mape","daycounts"
7.89061794882523,21
7.44307024529061,21
8.97899475978074,21
7.9589724905739,21
8.03561698648896,21
7.87407887943407,21
8.93276466733512,21
6.64339569842734,21
8.50642248935389,21
8.14102501266274,21
