"mape","daycounts"
5.42103178103748,8
5.51839013318335,8
6.05670023447742,8
6.12520160165304,8
