"mape","daycounts"
1.98637568482498,22
1.57188466635485,22
1.46409621756995,22
1.03892929943365,22
1.134426566708,22
1.74436043430581,22
1.38615713978732,22
1.6611331687972,22
1.22270958998565,22
1.27491930620734,22
1.09781937529108,22
