"mape","daycounts"
3.65437595691335,7
2.94371208927962,7
3.57296585746837,7
3.58351184887778,7
