"mape","daycounts"
0.452649586093621,21
0.385994823763241,21
0.437001516837168,21
0.418008662851119,21
0.444921892097011,21
0.413689687621454,21
0.521636981154206,21
0.404515637879918,21
0.353210431367839,21
0.355419078339853,21
