"mape","daycounts"
0.783838458754023,20
0.751559151940517,20
0.672892675712493,20
0.992253988279985,20
0.755152967966952,20
0.804089838914572,20
0.555247711373199,20
0.684145143593672,20
0.448446401069038,20
1.29800659287122,20
