"mape","daycounts"
0.361825812786453,8
0.478430726821922,8
0.326320507703639,8
0.497834877659786,8
