"mape","daycounts"
2.4085998182492,21
2.36490467646568,21
2.34909260241568,21
2.2571756358142,21
2.19568742919861,21
2.21720407223134,21
2.17892961159232,21
2.23949365363746,21
1.63319805202867,21
2.44963368373881,21
2.40531398107843,21
