"mape","daycounts"
0.445444707466526,21
0.104195316544978,21
0.0723518109027738,21
0.0890383123310918,21
0.110608974453184,21
0.0963059157986702,21
0.177251181739347,21
0.139794606183942,21
0.329320841747566,21
0.375018124891587,21
