"mape","daycounts"
1.79582809805276,10
1.92784847126929,10
1.59419960866893,10
1.77918557573942,10
1.8087339919089,10
