"mape","daycounts"
2.5040664572861,19
2.56041728980078,19
2.55447515022421,19
2.51306431657255,19
3.04995961383607,19
2.60343675960804,19
2.73312530625206,19
2.15836610128218,19
2.17364664462575,19
2.31721827783544,19
