"mape","daycounts"
11.4561322468677,38
10.9741660133811,38
9.81414725001553,38
9.63781122453182,38
10.6665621579348,38
7.27013434469254,38
7.47149467942162,38
8.6654955959836,38
8.38479055258546,38
8.29357871043579,38
8.02386408264315,38
7.41813595731451,38
7.10394310497574,38
7.97134670612581,38
7.97159259024675,38
8.43480869530073,38
13.8508571914885,38
13.1599552382128,38
14.5390053528261,38
