"mape","daycounts"
3.64985419553969,7
2.94304815005318,7
3.57366175624623,7
3.58337322207584,7
