"mape","daycounts"
0.455206321448959,21
0.384976051209708,21
0.434692624828103,21
0.417927930266362,21
0.448310512207655,21
0.417041069320195,21
0.526117626006735,21
0.398889567162763,21
0.358782664811667,21
0.366082260098552,21
