"mape","daycounts"
1.98930789130612,22
1.59134761365939,22
1.46202197374909,22
1.03921979127179,22
1.13437247977535,22
1.74548690869823,22
1.38636128402008,22
1.66044500799452,22
1.22120810649461,22
1.27406254215045,22
1.09674439814879,22
