"mape","daycounts"
8.01563868604527,8
8.40534992566526,8
7.88721660247485,8
9.07154005645959,8
