"mape","daycounts"
6.91586517526874,25
7.906579747348,25
8.63941820496034,25
8.65966666193908,25
8.91848293871315,25
8.39937401228998,25
8.70305996713568,25
8.27719363585213,25
8.97081521795404,25
7.61382398236643,25
7.56920270436201,25
8.68735442947468,25
10.0289933233124,25
