"mape","daycounts"
0.212259014351659,28
0.272120247480705,28
0.26648566587426,28
0.262783979699411,28
0.399864576099439,28
0.4069735438576,28
0.24228729036575,28
0.226362031578757,28
0.431369376435435,28
0.404325088848934,28
0.471189158635536,28
0.305530566255867,28
0.177045783427398,28
0.356942271305504,28
