"mape","daycounts"
1.1996596641077,25
2.15288035492026,25
1.27794890948752,25
1.72654183454643,25
0.510564501222059,25
0.743014365273311,25
0.395074813483727,25
1.26128661447388,25
1.02912760996461,25
1.15938760497897,25
0.725205157983273,25
1.08043487298403,25
