"mape","daycounts"
1.27562743356203,14
1.15389383689159,14
0.928823175813686,14
1.03405616053412,14
0.598156024439969,14
0.846580818764501,14
0.951571393201812,14
