"mape","daycounts"
0.333582469517546,23
0.300914869139847,23
0.326372984298846,23
0.326974652676417,23
0.379709464146449,23
0.338604146397677,23
0.350016801287646,23
0.400023473035078,23
0.36238662625797,23
0.373650303785775,23
0.359895480208223,23
