"mape","daycounts"
1.75747673326655,22
1.99775151534721,22
1.9028881053344,22
1.93068053592381,22
1.80610045358301,22
1.8136241540546,22
1.94144028898852,22
1.64168029416953,22
1.65766320000611,22
2.34984039107073,22
2.94745021155874,22
