"mape","daycounts"
3.85069890506491,10
4.34844461863283,10
3.43904344554614,10
7.94296489578157,10
7.06573682350868,10
