"mape","daycounts"
5.41932804868743,8
5.51627100043731,8
6.05457565929912,8
6.12427214417466,8
