"mape","daycounts"
2.09357624424683,5
1.75100323448226,5
