"mape","daycounts"
7.82496506633217,22
6.74307760549692,22
6.84939061843675,22
6.95337285826008,22
7.27409911852196,22
7.13039347942463,22
6.64307486310422,22
6.6277534491457,22
6.19851548044939,22
7.28116888104354,22
6.57388376422538,22
