"mape","daycounts"
2.23711041133237,10
1.81660046401571,10
0.98411987534798,10
1.09432863108595,10
1.25491417739839,10
