"mape","daycounts"
4.75393126167433,24
3.39117926428328,24
3.95258088839069,24
2.2922325923899,24
2.2983261085522,24
4.36715504396341,24
3.75016089944386,24
27.106488039198,24
30.7328163283016,24
34.7332355730512,24
34.1954564073668,24
37.4518451212323,24
