"mape","daycounts"
6.60526685580152,23
6.3960468813804,23
6.57724428821059,23
5.91503287048263,23
6.16666968875997,23
5.86692252666968,23
5.74143940753174,23
6.46599741124816,23
6.70813534124324,23
6.44183600816484,23
8.01945911283407,23
7.91649961432769,23
