"mape","daycounts"
12.3050944507557,41
11.4730929092498,41
11.3393435682881,41
19.587148906963,41
19.0031946057789,41
12.4001691623218,41
12.4172029896075,41
11.6849075348932,41
11.366743913591,41
12.3197542412467,41
11.4840049531471,41
12.2817061312143,41
12.5474326785657,41
12.1832607466654,41
12.0607217489093,41
11.9879188609167,41
12.0945797268335,41
12.6357004780272,41
15.9253635829627,41
16.4382342465567,41
