"mape","daycounts"
2.02955671153363,23
1.84947747395113,23
2.14995527366526,23
2.43679116494797,23
1.9437479448841,23
1.8344324928712,23
1.48273786879539,23
1.38622192677838,23
1.47899773149946,23
2.56308889646617,23
3.26505227408641,23
3.25777235679328,23
