"mape","daycounts"
0.535299521361233,10
0.951471490009309,10
1.21756936452371,10
0.492001792709132,10
0.852769487760402,10
