"mape","daycounts"
0.315916762876718,23
0.309042131294523,23
0.326104226169811,23
0.329838317219175,23
0.383081665221894,23
0.328608749184009,23
0.332740587845062,23
0.375581122321908,23
0.361958797861281,23
0.381279544032602,23
0.369515696320635,23
