"mape","daycounts"
0.455027598744933,21
0.386977952930481,21
0.436714750194946,21
0.416206740096766,21
0.447443499163874,21
0.419396860803401,21
0.525929707894815,21
0.407013772847437,21
0.363249334109418,21
0.366558464761351,21
