"mape","daycounts"
2.50576139018194,19
2.56008974618474,19
2.55453403813712,19
2.51325304324599,19
3.04927073521204,19
2.60336602327402,19
2.73310963892991,19
2.15781796727782,19
2.17312174704899,19
2.31619955550795,19
