"mape","daycounts"
23.54036213997,35
25.4114098329928,35
35.428092615366,35
29.5086509599293,35
33.9583653992136,35
32.3091990101051,35
34.9024911678442,35
28.5796376362088,35
36.819975428793,35
37.8051987026342,35
32.5665015368367,35
22.2829828186447,35
28.5387097434111,35
30.424988135262,35
25.5654629991123,35
37.3970553793387,35
36.9870977086949,35
