"mape","daycounts"
8.01514580249617,8
8.40637756538735,8
7.88592413220978,8
9.07052010841731,8
