"mape","daycounts"
3.64984745195159,7
2.94309914348917,7
3.5735362809921,7
3.58336776351432,7
