"mape","daycounts"
2.03027929218021,23
1.847139807805,23
2.1503167903667,23
2.43391612846922,23
1.94304866880162,23
1.83458708997128,23
1.48074387657142,23
1.38567440597721,23
1.47963125045013,23
2.56523710176197,23
3.26650962560972,23
3.259171268761,23
