"mape","daycounts"
1.19778431042845,25
2.15833959050889,25
1.27652427015359,25
1.73653476238241,25
0.510941331178634,25
0.742553821840151,25
0.392429627558816,25
1.2458862553634,25
1.03267357647423,25
1.16322074973449,25
0.724600654325539,25
1.0803304818618,25
