"mape","daycounts"
1.28015315624354,14
1.15931590415569,14
0.928547355033738,14
1.03412063940454,14
0.598658191425061,14
0.847309970976589,14
0.951735810598758,14
