"mape","daycounts"
5.76203423805276,28
6.54845205201362,28
5.57474696775111,28
5.31820137142621,28
4.52671141226513,28
5.35227928193054,28
5.34157507422812,28
5.67693713855312,28
7.68991564848815,28
6.801174299513,28
7.38034002997779,28
6.00698979577359,28
6.14523880277431,28
5.526913363615,28
