"mape","daycounts"
5.41935269993483,8
5.51670121101175,8
6.05503759447204,8
6.12467067722336,8
