"mape","daycounts"
1.98955046580732,22
1.59929217412357,22
1.46475072786763,22
1.04116586519673,22
1.13604181566964,22
1.74109238232557,22
1.38905355951312,22
1.66271574699113,22
1.22354098231603,22
1.27520204509308,22
1.09740416499068,22
