"mape","daycounts"
4.74983577092823,24
3.38695806210431,24
3.9488337952573,24
2.28979415186663,24
2.29649953036381,24
4.37048574217019,24
3.75089106959408,24
27.1382687744828,24
30.7736638016297,24
34.8195257797659,24
34.2417755474962,24
37.5222068966025,24
