"mape","daycounts"
1.48087996575891,45
1.50687065301521,45
1.54732068981258,45
1.55638317336052,45
1.94264004394774,45
1.43423900452488,45
1.77819189498647,45
1.62810753102792,45
1.54459932655764,45
1.68842922771019,45
1.6772298941719,45
1.58175943095866,45
1.56689692159711,45
1.54976558365935,45
1.42525778359506,45
1.84112182910831,45
1.52435589592024,45
1.58682955429197,45
1.29627534272908,45
1.45846026210728,45
1.15032589733801,45
2.27990867118997,45
