"mape","daycounts"
6.61104968808217,23
6.39129262056711,23
6.57816346884611,23
5.91152462672264,23
6.17150575056029,23
5.87090604102953,23
5.74049903353429,23
6.4655232714248,23
6.70581606540893,23
6.43371721630179,23
8.02012223030006,23
7.91008852038371,23
