"mape","daycounts"
2.09336783818259,5
1.75123313562234,5
