"mape","daycounts"
0.365006743358868,8
0.481493995492741,8
0.333118171627664,8
0.499974264136591,8
