"mape","daycounts"
6.91543610856317,25
7.90747987676957,25
8.63932949135561,25
8.66042124784442,25
8.92026128427904,25
8.39981802959619,25
8.7029270140947,25
8.27734188282356,25
8.97112759383917,25
7.6118033130237,25
7.56900058398101,25
8.68949937369908,25
10.0299547682622,25
