"mape","daycounts"
2.24009805679737,10
1.82635099059379,10
0.983990224569167,10
1.09446551137388,10
1.25481283598674,10
