"mape","daycounts"
0.525253334268988,10
0.948679296889538,10
1.23526743349033,10
0.494454413687576,10
0.846919632734616,10
