"mape","daycounts"
7.88820353417342,21
7.44151211542131,21
8.97861634018387,21
7.96384642159866,21
8.03622280570551,21
7.87520968294138,21
8.93185641663632,21
6.63948119759978,21
8.50950753583321,21
8.14319640761931,21
