"mape","daycounts"
11.4575631689593,38
10.9578946551365,38
9.81480552062789,38
9.63484774794959,38
10.6722696952994,38
7.26421359547903,38
7.47744674850117,38
8.66877164548985,38
8.39821775011086,38
8.2904037387847,38
8.01685733874102,38
7.42096642159204,38
7.09748155066833,38
7.9727126495107,38
7.96931375571363,38
8.4380994551875,38
13.8492130301708,38
13.1602863671568,38
14.5457019999683,38
