"mape","daycounts"
0.783955972227448,20
0.753671397919826,20
0.672026669133838,20
0.996178496410845,20
0.761194951923961,20
0.802617572569271,20
0.564713831305068,20
0.683271118010521,20
0.455220364270256,20
1.29026843471813,20
