"mape","daycounts"
3.85073110370967,10
4.34844130306134,10
3.43905772227316,10
7.94296540546548,10
7.06571701855693,10
