"mape","daycounts"
12.3054388163283,41
11.4655214217843,41
11.3307720160447,41
19.5980282976949,41
19.0011770778444,41
12.4026689667717,41
12.4210464456556,41
11.6927604520795,41
11.361165719774,41
12.3260864997409,41
11.4789343742385,41
12.3269346128256,41
12.5461872424605,41
12.1806149283907,41
12.0674051566829,41
11.9906217936379,41
12.1061979778322,41
12.6193363568413,41
15.9229487237819,41
16.4351293994148,41
