"mape","daycounts"
0.449570003011019,21
0.103797482834076,21
0.0754879338796106,21
0.0904611542399012,21
0.119452802144913,21
0.0957775964260013,21
0.167921777841421,21
0.133619128798513,21
0.330480161899541,21
0.37712052082426,21
