"mape","daycounts"
7.82558027948631,22
6.74374819113165,22
6.85025347392736,22
6.95441218953636,22
7.27482403171264,22
7.13121678078107,22
6.64296835308842,22
6.62793784663295,22
6.19624522427306,22
7.28056647840336,22
6.57600248992806,22
