"mape","daycounts"
1.75620474466442,22
1.99752580805239,22
1.90283057344278,22
1.93131885416849,22
1.80635456276705,22
1.81446968403411,22
1.94276805952955,22
1.63942236152236,22
1.65661860062827,22
2.34983309472544,22
2.94768961743379,22
