"mape","daycounts"
1.7964810533965,10
1.92839551258953,10
1.5944558448514,10
1.77881507864385,10
1.80838373020963,10
