"mape","daycounts"
0.211349923440067,28
0.271232948422283,28
0.26019518728018,28
0.260688628734113,28
0.398753661133105,28
0.406591101948752,28
0.242184693610646,28
0.226279247099262,28
0.431240668186567,28
0.404458702117869,28
0.471681807577862,28
0.307560553468626,28
0.177055782002589,28
0.357118941782917,28
