"mape","daycounts"
3.64995165141237,7
2.94253331232439,7
3.57307525091867,7
3.58244767197183,7
