"mape","daycounts"
4.74624429461408,24
3.3825171253761,24
3.9485867447005,24
2.29140172212134,24
2.29644703262656,24
4.37403007925485,24
3.74924990091243,24
27.1351742185071,24
30.8311752818602,24
34.9089490852208,24
34.3290639473569,24
37.6002389606087,24
