"mape","daycounts"
0.784466832211851,20
0.754556476179774,20
0.6708665850606,20
0.995455701539096,20
0.758846366520325,20
0.799821388357718,20
0.565576018323386,20
0.684246544987598,20
0.453882383281887,20
1.29072214791108,20
