"mape","daycounts"
1.20413942489531,25
2.16116912175898,25
1.27372046704407,25
1.73140873355087,25
0.520103113139157,25
0.748995480025675,25
0.399524839483238,25
1.27227588541681,25
1.02887338158499,25
1.15748386813256,25
0.729025885121779,25
1.07654161163774,25
