"mape","daycounts"
2.03359479855738,23
1.85207112993207,23
2.14866073545426,23
2.42634175155151,23
1.94773400632735,23
1.83339489294429,23
1.47520895579528,23
1.38286005401221,23
1.48173092860988,23
2.56503216622263,23
3.26746627546167,23
3.2602613844608,23
