"mape","daycounts"
8.01530627245655,8
8.40590690423061,8
7.88603840584991,8
9.06780417829952,8
