"mape","daycounts"
1.79652219056679,10
1.92848493866838,10
1.59367894418597,10
1.77883750943736,10
1.80831773933221,10
