"mape","daycounts"
7.82188148422758,22
6.74339886493913,22
6.84866981245034,22
6.95463180168066,22
7.27265017442519,22
7.12837588292683,22
6.64356593762057,22
6.62829533382328,22
6.19526164932666,22
7.27987250109867,22
6.57380818610954,22
