"mape","daycounts"
6.60854013794783,23
6.3862709105199,23
6.5758065873341,23
5.91189151169055,23
6.1711515304214,23
5.86986070253848,23
5.74354544998854,23
6.47049037707777,23
6.69673765219809,23
6.4269840515018,23
8.02094498160239,23
7.91298060111128,23
