"mape","daycounts"
0.448204710743695,21
0.103103366058072,21
0.076139021471408,21
0.0881578598370422,21
0.118921921172247,21
0.0961391940819217,21
0.167545273996764,21
0.135822257497452,21
0.329184380632854,21
0.37532753459869,21
