"mape","daycounts"
2.25797345063911,10
1.83717502965556,10
0.977425147437656,10
1.09085682496904,10
1.25255416457714,10
