"mape","daycounts"
2.4084406933227,21
2.36558865613322,21
2.34888245327088,21
2.25671903120966,21
2.19504204256162,21
2.21710036496606,21
2.17834043468049,21
2.23877437671377,21
1.63383235013238,21
2.45015378707008,21
2.40601434525644,21
