"mape","daycounts"
0.211351615604629,28
0.270783623862478,28
0.262823318700497,28
0.262832295496971,28
0.396931615125833,28
0.407191794164915,28
0.241712426045123,28
0.225436773294913,28
0.431572016390644,28
0.40485274877738,28
0.472055160702448,28
0.304551849012772,28
0.17798323950087,28
0.356576283737739,28
