"mape","daycounts"
12.3073960550622,41
11.4656689804824,41
11.3295182844188,41
19.6003450029792,41
19.0074635829067,41
12.4035685289074,41
12.4172828812945,41
11.6639837769216,41
11.3575692095322,41
12.3228556506518,41
11.4748203747131,41
12.3200774424838,41
12.547180812371,41
12.1820000658094,41
12.0648382718253,41
11.9913685588749,41
12.1079308148872,41
12.6183825757227,41
15.9269831500818,41
16.4415844287037,41
