"mape","daycounts"
1.75212990437704,22
1.9976871095548,22
1.90484896940386,22
1.93194644838213,22
1.81048070920069,22
1.81629070192433,22
1.9455454144253,22
1.64067258472402,22
1.65508096020597,22
2.35085174446057,22
2.94688210515237,22
