"mape","daycounts"
1.98977160058103,22
1.60325689722478,22
1.46177022428959,22
1.03744557070486,22
1.13213829145739,22
1.73942798830519,22
1.39291799063319,22
1.6623384072079,22
1.22141745771725,22
1.27438299855208,22
1.09478218603687,22
