"mape","daycounts"
0.458089157655358,21
0.389333959640005,21
0.438766345630495,21
0.41748632808043,21
0.448142549516439,21
0.421188205789811,21
0.527491364163096,21
0.408384564449965,21
0.36890691056046,21
0.371109124485502,21
