"mape","daycounts"
1.27756740962561,14
1.15605741993483,14
0.928541905014049,14
1.03453224929448,14
0.598812493132026,14
0.84855553562504,14
0.952112537589398,14
