"mape","daycounts"
23.5410284454039,35
25.4138848772674,35
35.4272700126454,35
29.5017611052547,35
33.9558138318727,35
32.3050486257418,35
34.897009684304,35
28.5729721551763,35
36.8204529301766,35
37.8067816052856,35
32.5687495164152,35
22.2792364908823,35
28.5359394517394,35
30.4240769270636,35
25.5648753641259,35
37.398272798597,35
36.9883694471989,35
