"mape","daycounts"
0.307539561961121,23
0.292844369755267,23
0.324879010148368,23
0.333567804489647,23
0.390572088956469,23
0.326154310362953,23
0.337947861276753,23
0.37540769703998,23
0.348340834031527,23
0.381143453224251,23
0.370548144076949,23
