"mape","daycounts"
11.456066530237,38
10.9568219320589,38
9.81170174916488,38
9.63305955700995,38
10.6721331796906,38
7.26432583811252,38
7.47893771577757,38
8.66700953561902,38
8.39677876496078,38
8.28852671127282,38
8.01408316830883,38
7.41890693236647,38
7.09460965962121,38
7.97402016275684,38
7.96834570802517,38
8.43758851851505,38
13.8445439380265,38
13.1622289702722,38
14.549663612868,38
