"mape","daycounts"
2.09200304617402,5
1.74953331565585,5
