"mape","daycounts"
2.5049783601215,19
2.55925986937896,19
2.55387121448058,19
2.51284677280765,19
3.04521973882784,19
2.60311387151859,19
2.73290256474463,19
2.15759314889696,19
2.17308185591053,19
2.31579130658132,19
