"mape","daycounts"
0.518685595191536,10
0.948672781022874,10
1.2436366525284,10
0.485707911293566,10
0.851042742316992,10
