"mape","daycounts"
5.74881775584716,28
6.54399862696279,28
5.56221002216619,28
5.29642663875259,28
4.50891499593838,28
5.34351916810808,28
5.34231230849744,28
5.68098771119569,28
7.69598191013028,28
6.79280980724451,28
7.38278970323271,28
6.00011267418577,28
6.14928445285656,28
5.51926136855845,28
