"mape","daycounts"
0.367874064477832,8
0.480424587417899,8
0.333842205569019,8
0.49966324886199,8
