"mape","daycounts"
5.41514250815321,8
5.51042124499012,8
6.05149253421915,8
6.12227124199685,8
