"mape","daycounts"
7.88528316601029,21
7.43469437358712,21
8.9823556505341,21
7.96185332525299,21
8.03770821147963,21
7.86950516352365,21
8.93676148538775,21
6.63209321008338,21
8.51468624344568,21
8.1464926574044,21
