"mape","daycounts"
3.85075887206341,10
4.34844996104004,10
3.43901373547382,10
7.94304921646602,10
7.06579178048592,10
