"mape","daycounts"
6.55221958847376,21
5.84957708778679,21
6.91361813885304,21
7.14856044960711,21
7.37781947646746,21
5.16361948055107,21
6.44457961966263,21
6.58265096790949,21
5.42492546954213,21
6.59128126183384,21
6.95100144218452,21
