"mape","daycounts"
2.40844671801148,21
2.36558004966875,21
2.34888556204857,21
2.25679197823683,21
2.19501366929905,21
2.21710220528959,21
2.17830662938385,21
2.23874986492824,21
1.63382383092757,21
2.45013043214197,21
2.40592333259136,21
