"mape","daycounts"
1.20692308714459,25
2.16144388580681,25
1.27414384888482,25
1.7313584135903,25
0.518972434316458,25
0.74877450227644,25
0.398284430129235,25
1.3093947205578,25
1.03179308242132,25
1.15840182387253,25
0.7300582447561,25
1.07625952887372,25
