"mape","daycounts"
7.88351833734725,21
7.43905039983974,21
8.98276755070408,21
7.97319898519069,21
8.03814712822718,21
7.86583517611553,21
8.93351330715151,21
6.63055626564746,21
8.51724331610879,21
8.14912055273869,21
