"mape","daycounts"
6.60904458305043,23
6.38680777861731,23
6.57275820948195,23
5.91309369542634,23
6.17183099907377,23
5.87081701939064,23
5.74321413193295,23
6.46805360180059,23
6.69791212439911,23
6.42662004994111,23
8.02014832830822,23
7.91094870081882,23
