"mape","daycounts"
0.458078568787611,21
0.389308980754451,21
0.438720900655354,21
0.417574720647337,21
0.447710351298713,21
0.421823918887708,21
0.528661922599262,21
0.409608631202471,21
0.368560748642176,21
0.370588542139102,21
