"mape","daycounts"
0.517930042335479,10
0.954564672090761,10
1.25861338947739,10
0.48414294742555,10
0.852781164933667,10
