"mape","daycounts"
0.448025591539289,21
0.101703257072233,21
0.0763460128845083,21
0.0884673945342002,21
0.119307523199113,21
0.0956243354291582,21
0.166908451347116,21
0.144771124382169,21
0.32879801753103,21
0.37504562472257,21
