"mape","daycounts"
1.27758449254585,14
1.15584955673304,14
0.928542354043587,14
1.03454721808188,14
0.598814821165492,14
0.848570313464512,14
0.95209078612333,14
