"mape","daycounts"
0.777558194469381,20
0.751273955930688,20
0.669070910561314,20
0.993908522517205,20
0.74916055341851,20
0.79841940254157,20
0.560316976537083,20
0.695823741197755,20
0.461662398583117,20
1.2825975900844,20
