"mape","daycounts"
12.3062334687339,41
11.464848118711,41
11.3304988308577,41
19.6070711791563,41
19.0166373368325,41
12.4029980786834,41
12.4147684490192,41
11.6704964375626,41
11.3568610309431,41
12.3211590249231,41
11.4759569063658,41
12.3425461069263,41
12.5444289524034,41
12.1820789452416,41
12.0651999466111,41
11.9915594164703,41
12.1062144673788,41
12.6195726557542,41
15.9297317674902,41
16.442725276096,41
