"mape","daycounts"
7.82491578961869,22
6.74362660862401,22
6.84931198151018,22
6.9550441296298,22
7.27394824413932,22
7.12846603482832,22
6.64329721230252,22
6.62800155172326,22
6.19539941865458,22
7.27884975726116,22
6.5756565696465,22
