"mape","daycounts"
2.03319217324304,23
1.85298398340555,23
2.14224114270613,23
2.4258237680067,23
1.94495400713597,23
1.8332984809244,23
1.47291026022975,23
1.38093148887035,23
1.47993608873811,23
2.56071998807723,23
3.27033317533561,23
3.2647626389135,23
