"mape","daycounts"
0.367486543227075,8
0.47900092740398,8
0.330327336693676,8
0.498816085900454,8
