"mape","daycounts"
3.6454438850155,7
2.93090249621168,7
3.56882765163066,7
3.57702417547482,7
