"mape","daycounts"
1.47858462443743,45
1.49756823664962,45
1.53300364676185,45
1.5468065791138,45
1.94147389137251,45
1.43596512348001,45
1.77394242609765,45
1.63175468572904,45
1.54083393158753,45
1.68488217900017,45
1.67977433431096,45
1.58293000530102,45
1.56616139081932,45
1.54730990109636,45
1.42593103787059,45
1.84441364436774,45
1.52399333703363,45
1.57685165265541,45
1.29727790077016,45
1.46379039371757,45
1.14636510004747,45
2.27053505563906,45
