"mape","daycounts"
2.25490263268981,10
1.83294770402637,10
0.977581312307758,10
1.09076291351025,10
1.25250917134653,10
