"mape","daycounts"
2.09126866198386,5
1.74881499616826,5
