"mape","daycounts"
2.50902168764109,19
2.55675624035954,19
2.55232093832301,19
2.51136316437413,19
3.05156300984722,19
2.60390130295347,19
2.73258758024247,19
2.1571431793436,19
2.17425426079685,19
2.31643365365193,19
