"mape","daycounts"
4.74776645064884,24
3.38351352879917,24
3.95053951956256,24
2.29102492119104,24
2.29490294680538,24
4.37375450438446,24
3.75076759223677,24
27.1281785412169,24
30.8245970636557,24
34.8889475575945,24
34.3160593747964,24
37.5735744465198,24
