"mape","daycounts"
3.84937155235227,10
4.34652544416395,10
3.43804897957398,10
7.94217547777969,10
7.06462764989619,10
