"mape","daycounts"
5.41184327391028,8
5.50736275501023,8
6.05102018188578,8
6.12253961749012,8
