"mape","daycounts"
8.01569876419738,8
8.4061387837313,8
7.88633680448608,8
9.06802817724996,8
