"mape","daycounts"
1.79586884633314,10
1.92730809825225,10
1.59287691883748,10
1.77845478693045,10
1.80806837554099,10
