"mape","daycounts"
5.74321477185214,28
6.54212618883029,28
5.55628155320661,28
5.28840955916244,28
4.50307113782856,28
5.33864861262265,28
5.34293233686739,28
5.6822826196742,28
7.69943590472834,28
6.78993040756801,28
7.38437659045486,28
5.99537383782864,28
6.14855542452864,28
5.5142613342612,28
