"mape","daycounts"
1.99043504602939,22
1.60515792360241,22
1.46296686720299,22
1.03797698071523,22
1.13253392916674,22
1.73991974575505,22
1.39337379689952,22
1.66293852723463,22
1.22239061235622,22
1.27533593458118,22
1.0962168020006,22
