"mape","daycounts"
6.55196610370264,21
5.84741775471134,21
6.91156672404481,21
7.1492365063376,21
7.37800728161498,21
5.16359557709721,21
6.44575437761538,21
6.5866259561977,21
5.42543086148091,21
6.59157532579736,21
6.95150189091483,21
