"mape","daycounts"
11.4577375775912,38
10.9576931943518,38
9.80777953735649,38
9.63212912919644,38
10.6714584378076,38
7.26254815448732,38
7.47796612116488,38
8.66847606724977,38
8.39366539919162,38
8.28759294516187,38
8.01136302420681,38
7.41795799443562,38
7.09239025561948,38
7.97429193652207,38
7.9688349238073,38
8.43811190686973,38
13.8478983865494,38
13.1675444114829,38
14.5549010930728,38
