"mape","daycounts"
0.306129798033626,23
0.295232633928046,23
0.324951065016585,23
0.330894760112841,23
0.391706982621868,23
0.323120688705423,23
0.33940199083571,23
0.374378497364603,23
0.348624507283293,23
0.381113845749147,23
0.372482533351474,23
