"mape","daycounts"
0.211156252946849,28
0.267927662398872,28
0.238445278079822,28
0.262786289812206,28
0.394328945934108,28
0.409755451077421,28
0.241418068099973,28
0.225690945895621,28
0.432263523168838,28
0.406861975094333,28
0.47830148653255,28
0.300432761369372,28
0.180748583879801,28
0.354103049457177,28
