"mape","daycounts"
0.328687353975051,23
0.339395653897746,23
0.360093066839441,23
0.362196954697676,23
0.410268706419975,23
0.365227069858699,23
0.339176514536985,23
0.331391280984908,23
0.393248246934558,23
0.431889224823968,23
0.420948772130864,23
