"mape","daycounts"
2.51097405773893,19
2.56968424372909,19
2.5231263379735,19
2.53403744156121,19
3.04828170868155,19
2.59855095612593,19
2.73448416800998,19
2.15308599870009,19
2.13356697425743,19
2.22799154663483,19
