"mape","daycounts"
7.84118117752844,22
6.74542843929639,22
6.86936703955166,22
6.95732658365922,22
7.31002034895849,22
7.0836438002938,22
6.63160787774004,22
6.61147935463359,22
6.19427178830045,22
7.24852902700606,22
6.54310863727075,22
