"mape","daycounts"
6.89720317534908,25
7.87708459505025,25
8.6258404713847,25
8.66342956460896,25
8.88041223349611,25
8.40594804111521,25
8.66933912056346,25
8.26029792408484,25
8.92762904470427,25
7.6419754501462,25
7.58007955729403,25
8.65804379787157,25
10.0313141263304,25
