"mape","daycounts"
0.819000930722321,20
0.754258992651301,20
0.722695015709595,20
0.995697845589317,20
0.750111639127891,20
0.807951443154357,20
0.587622742289908,20
0.605485745237361,20
0.606271911351109,20
1.32739137623513,20
