"mape","daycounts"
2.39504607515452,10
2.05701136285216,10
1.11060588715979,10
1.14138252495278,10
1.27363754910872,10
