"mape","daycounts"
2.06230824654224,23
1.91430023840111,23
2.16447128036506,23
2.56789738868451,23
1.96855365284222,23
1.83718965857659,23
1.4937197816112,23
1.38764978014629,23
1.50075682774529,23
2.58297777512153,23
3.22200089147776,23
3.23382685489083,23
