"mape","daycounts"
1.48620392777669,25
2.21097976423419,25
1.37080626522311,25
1.72688512626215,25
0.556301778256093,25
0.742917795297732,25
0.433024785393376,25
1.41212190175234,25
1.05923786714713,25
1.19797573168583,25
0.699255732741894,25
1.04099138911695,25
