"mape","daycounts"
6.6008129101221,23
6.43164558734111,23
6.57028785864254,23
5.92982114813832,23
6.20355006730828,23
5.8610268716439,23
5.70884446375424,23
6.40949632757104,23
6.74978057601279,23
6.5029204212941,23
8.00682900085401,23
7.90077783815165,23
