"mape","daycounts"
0.442580790094153,8
0.493964606766193,8
0.313202060345915,8
0.484024801410948,8
