"mape","daycounts"
1.772045531712,22
2.01619040027752,22
1.91501341670188,22
1.94078781169257,22
1.79942475090985,22
1.79678766773769,22
1.90346521690158,22
1.70935786666383,22
1.73575423505731,22
2.35759587357412,22
2.93210766959426,22
