"mape","daycounts"
7.82468877944532,21
7.519707049681,21
9.0193079948683,21
7.95708125660482,21
8.10246635393762,21
7.83605879153067,21
8.78568567253978,21
6.73329018591736,21
8.43164254713491,21
8.10667555538232,21
