"mape","daycounts"
4.76097987989537,24
3.41024783791015,24
4.01850534804219,24
2.19590823877449,24
2.22519972550682,24
4.33732830279327,24
3.6522042245603,24
28.745454716678,24
32.5475856461887,24
36.0171070671423,24
36.0610588656415,24
39.5798701273257,24
