"mape","daycounts"
6.52097769505242,21
5.91815332589662,21
7.19546141386041,21
7.21871141948337,21
7.44169706020338,21
5.13421391782084,21
6.33831027881804,21
6.37532440742343,21
5.6359296315147,21
6.62128677655504,21
6.99281980127882,21
