"mape","daycounts"
0.497657453817372,21
0.359889951700968,21
0.400292660659722,21
0.407827377570365,21
0.435162859391634,21
0.428848580104333,21
0.616877093033644,21
0.342906240480252,21
0.323881841708587,21
0.330530918450638,21
