"mape","daycounts"
2.408466658906,21
2.36602884806133,21
2.34875269880041,21
2.25658951601586,21
2.19471755223653,21
2.21681019913499,21
2.17816278259058,21
2.23817866301323,21
1.63437288539137,21
2.44998372740069,21
2.40576378121433,21
