"mape","daycounts"
0.525088242650128,10
0.956013797690592,10
1.27160329670501,10
0.482444655200223,10
0.852983812860668,10
