"mape","daycounts"
7.88250909622772,21
7.43562593192154,21
8.98175124212509,21
7.96806680453361,21
8.04042564105496,21
7.86393968543395,21
8.94148145224922,21
6.62473794137944,21
8.51305320117387,21
8.14921016825718,21
