"mape","daycounts"
12.306144226517,41
11.4650473253514,41
11.3308153044214,41
19.6066666648577,41
19.016555291716,41
12.4034519924314,41
12.4147203355871,41
11.6695116138665,41
11.3568688058162,41
12.3212109511429,41
11.475690161829,41
12.3415145308814,41
12.5445203437831,41
12.1825052560031,41
12.0653241287898,41
11.9917093171946,41
12.1058661851264,41
12.6192643119583,41
15.9296396037171,41
16.442532909621,41
