"mape","daycounts"
0.308435499295668,23
0.298254238400603,23
0.325306208582205,23
0.327861339839076,23
0.389815074842369,23
0.319197372224812,23
0.336997930318255,23
0.373081908528571,23
0.341170307032011,23
0.381095594066027,23
0.37260477390151,23
