"mape","daycounts"
0.460976983401668,21
0.391239667819292,21
0.442300742499404,21
0.416136536593177,21
0.446422858763672,21
0.415350233114284,21
0.530605723373321,21
0.411236956958261,21
0.36986347814255,21
0.371561163078946,21
