"mape","daycounts"
0.208975162808653,28
0.266069770508313,28
0.23911358210904,28
0.258870125451422,28
0.401411489945331,28
0.409647431558053,28
0.240567349839268,28
0.225298471001571,28
0.433804216941206,28
0.407200389866385,28
0.484487239830329,28
0.305757067151235,28
0.173791628452124,28
0.347165553400811,28
