"mape","daycounts"
7.8249409949532,22
6.74456445098513,22
6.85160895390075,22
6.95575688033334,22
7.27607996825325,22
7.1280655162622,22
6.64437550742319,22
6.63018158582921,22
6.19527298375637,22
7.27459508745799,22
6.58059177709687,22
