"mape","daycounts"
11.457017657544,38
10.9613050037988,38
9.80975110521101,38
9.63032554290618,38
10.6698640762948,38
7.26354479379704,38
7.47368966419779,38
8.66899681067934,38
8.39566410320042,38
8.28757695521593,38
8.01289920503784,38
7.41675568366252,38
7.09545980864248,38
7.97278296609328,38
7.96701968472361,38
8.43373507356393,38
13.8436184324877,38
13.1657632363114,38
14.5486256052576,38
