"mape","daycounts"
4.74614300851568,24
3.38140177675378,24
3.94994971902374,24
2.29193058810349,24
2.29558625078602,24
4.37401582526475,24
3.74950254455893,24
27.1262197337989,24
30.8260805110545,24
34.9108015448815,24
34.3174456945005,24
37.5985703798357,24
