"mape","daycounts"
1.796147442266,10
1.92817588869629,10
1.59200522093213,10
1.77910446520004,10
1.80847584898379,10
