"mape","daycounts"
2.09005119753756,5
1.74811096066812,5
