"mape","daycounts"
3.64731481907943,7
2.93803783460425,7
3.57489034419069,7
3.57989093822254,7
