"mape","daycounts"
23.5418192815876,35
25.4142114236579,35
35.4287208912148,35
29.5032346747065,35
33.9593347819654,35
32.3015740354623,35
34.8972149182716,35
28.5720957544498,35
36.8201711071194,35
37.8086514967063,35
32.5688130186349,35
22.2811747279115,35
28.5396899546644,35
30.4206588699302,35
25.5604551715077,35
37.398871058057,35
36.988338882502,35
