"mape","daycounts"
2.03080575099709,23
1.85239633229134,23
2.14036065797483,23
2.42866915904771,23
1.9444380215832,23
1.8325169901245,23
1.47160225781977,23
1.38058407255708,23
1.47957710105438,23
2.56056279861856,23
3.27211719917893,23
3.26578943760029,23
