"mape","daycounts"
0.37027004353435,8
0.485531729112423,8
0.331972774815836,8
0.500219989961087,8
