"mape","daycounts"
5.41031666057504,8
5.50604184882152,8
6.04965681658713,8
6.12158281185742,8
