"mape","daycounts"
1.278906534432,14
1.15843479882291,14
0.929394890861968,14
1.03469520111688,14
0.600098286879258,14
0.84925220017123,14
0.951970431810154,14
