"mape","daycounts"
0.777937672401896,20
0.751794546608449,20
0.668489141815639,20
0.994799832879566,20
0.747388397679866,20
0.798829619916044,20
0.561209465578448,20
0.698968376430384,20
0.459813881260958,20
1.28041939352143,20
