"mape","daycounts"
6.60966761331016,23
6.38476582247536,23
6.56922106407834,23
5.9126125474526,23
6.17146837710509,23
5.86973363294234,23
5.74312843850759,23
6.46754899611808,23
6.69756045769091,23
6.42700322119254,23
8.02042951235783,23
7.91084131241713,23
