"mape","daycounts"
2.50965676615213,19
2.55547543739909,19
2.55166747766753,19
2.51191814032609,19
3.05071635735168,19
2.60320565745799,19
2.73198945393615,19
2.15650531181948,19
2.17432793145496,19
2.31642744070069,19
