"mape","daycounts"
1.75336305358087,22
1.98884772304753,22
1.89825526222247,22
1.93176102336436,22
1.81572294834972,22
1.81624502027654,22
1.94622432867915,22
1.63209513725497,22
1.64371782254404,22
2.35565603409486,22
2.95602792717462,22
