"mape","daycounts"
1.47787802728206,45
1.49711397108031,45
1.53190663950032,45
1.54571593249094,45
1.94077460957497,45
1.43657878046201,45
1.77420170732554,45
1.63140904883547,45
1.5410607175223,45
1.6850649437077,45
1.6792448767601,45
1.58228227908912,45
1.56627306865821,45
1.54770508913081,45
1.42614708640618,45
1.84505153581432,45
1.52382240705024,45
1.57676607760335,45
1.29602034073049,45
1.46334956871366,45
1.14817831231932,45
2.2708754472918,45
