"mape","daycounts"
8.01583102590239,8
8.40549955920209,8
7.88630211404304,8
9.06526392659823,8
