"mape","daycounts"
1.21107876285704,25
2.17438648447122,25
1.27673597284544,25
1.74548528999922,25
0.523092487259355,25
0.750915598639943,25
0.403137828182927,25
1.31221225140191,25
1.03339954138578,25
1.16412889075543,25
0.732483319252326,25
1.07054853571473,25
