"mape","daycounts"
6.91786136863188,25
7.907897384099,25
8.64312625894214,25
8.6625700659177,25
8.92158898339936,25
8.40354430346983,25
8.70977926060741,25
8.28261102903777,25
8.97423304020115,25
7.61059188730201,25
7.57551828280104,25
8.69164657755806,25
10.0275601481161,25
