"mape","daycounts"
1.99050901222721,22
1.59690192675446,22
1.46345060363991,22
1.03817603656921,22
1.13238589718903,22
1.73866160382901,22
1.39561081626528,22
1.66390330892903,22
1.22357606470702,22
1.27643850056563,22
1.09824119744537,22
