"mape","daycounts"
3.85002585067001,10
4.34592319956488,10
3.43828968341843,10
7.94283153307515,10
7.06479107213437,10
