"mape","daycounts"
6.55103798581031,21
5.84667998193602,21
6.91571519386515,21
7.14846699547393,21
7.37922245168071,21
5.16456211711459,21
6.44514523104576,21
6.58434681537614,21
5.42636512231937,21
6.59086861386616,21
6.95175163414794,21
