"mape","daycounts"
2.25589217433956,10
1.83436318779766,10
0.977604513239243,10
1.09073369052004,10
1.25243338802308,10
