"mape","daycounts"
0.4467610273359,21
0.101963659018822,21
0.076291913917826,21
0.0883219307237671,21
0.119630583855957,21
0.0910666989693385,21
0.167973397682622,21
0.140175036384503,21
0.329668604931347,21
0.374767175134417,21
