"mape","daycounts"
0.382009573816893,8
0.498487370275464,8
0.335891470728848,8
0.507343758003202,8
