"mape","daycounts"
7.8825113544195,21
7.43587735830749,21
8.98199116413539,21
7.96846424570621,21
8.04047192070722,21
7.86392246760502,21
8.94156591430924,21
6.62505760093464,21
8.51284287986356,21
8.14922686088957,21
