"mape","daycounts"
2.2316700088978,10
1.81396746909514,10
0.97565201541298,10
1.09446498394588,10
1.252621063727,10
