"mape","daycounts"
12.3073080338061,41
11.4629752797809,41
11.3286699783096,41
19.6058174172544,41
19.0175816325747,41
12.4045225002327,41
12.4129203779191,41
11.6669847257921,41
11.3552372766631,41
12.3207924936457,41
11.4742222503488,41
12.3342142983933,41
12.5457780475611,41
12.1838509547311,41
12.0645090439043,41
11.9928945294334,41
12.109165544271,41
12.6160690691983,41
15.9295167447135,41
16.4426136117417,41
