"mape","daycounts"
11.4560782834168,38
10.9598596029347,38
9.81269548535344,38
9.63233311525878,38
10.6688536637679,38
7.26600455514818,38
7.47271886149819,38
8.66831017073117,38
8.39660265079925,38
8.288485926959,38
8.014006409994,38
7.41816661404579,38
7.09627725987941,38
7.97427994814224,38
7.96777300622124,38
8.43507904164773,38
13.8431890923385,38
13.1607818377387,38
14.5442118086079,38
