"mape","daycounts"
2.50964128559893,19
2.55550505504485,19
2.55161938461122,19
2.51189187318925,19
3.05014659218505,19
2.60321881300573,19
2.73199884558768,19
2.15652155050633,19
2.17437688701246,19
2.316477141364,19
