"mape","daycounts"
0.211231803713514,28
0.267718607654752,28
0.246686277832309,28
0.266214456547953,28
0.412967270642849,28
0.412847424556122,28
0.240830618822887,28
0.225167209985896,28
0.438158376755218,28
0.410905098962627,28
0.487814774699517,28
0.308182981403756,28
0.174683057813928,28
0.343748796994047,28
