"mape","daycounts"
5.41049210254897,8
5.50757386724706,8
6.05168636125999,8
6.12296443185079,8
