"mape","daycounts"
1.47739238531217,45
1.49718981239713,45
1.52536982912552,45
1.54467558240927,45
1.94382933947454,45
1.43201712348042,45
1.77189668475891,45
1.62796551015725,45
1.54450702131312,45
1.68604577614113,45
1.67630272236902,45
1.57649273043425,45
1.56669890042585,45
1.54326040692022,45
1.42084354598202,45
1.84453122417247,45
1.52278046023998,45
1.57353175913597,45
1.2945130518285,45
1.46661757774625,45
1.1389941537698,45
2.27083588560423,45
