"mape","daycounts"
6.5510063336883,21
5.84780356220098,21
6.91756924524143,21
7.14892298442415,21
7.37975357478633,21
5.16478936965869,21
6.44412044234055,21
6.5835524448469,21
5.42643993944937,21
6.59158301383047,21
6.95149240180142,21
