"mape","daycounts"
0.53396484913248,10
0.95919674665399,10
1.26721005334667,10
0.488872149541534,10
0.871405777136674,10
