"mape","daycounts"
0.447032206446114,21
0.102402626963303,21
0.0770970139199737,21
0.0881026981643309,21
0.119755623646608,21
0.0912285311055503,21
0.168153349040492,21
0.140289872626954,21
0.330113017768517,21
0.375165435031687,21
