"mape","daycounts"
4.74139905226988,24
3.37735721894034,24
3.94757877510094,24
2.29523780136239,24
2.29455741805392,24
4.37878598476375,24
3.75262164870281,24
27.1508522165604,24
30.8613408921615,24
34.9790712437861,24
34.3543729132376,24
37.6476022128983,24
