"mape","daycounts"
6.60970371472873,23
6.38509350571745,23
6.56925376648387,23
5.91239318317138,23
6.17161450355193,23
5.86973119327616,23
5.74304134367249,23
6.46792042290163,23
6.69752628282857,23
6.42768745289897,23
8.02054208635322,23
7.91082294712051,23
