"mape","daycounts"
1.75323132718261,22
1.98855146221944,22
1.8981316554219,22
1.93200936555784,22
1.81508122534909,22
1.81600837441389,22
1.94648092723402,22
1.63137831272012,22
1.64315915064196,22
2.35512641657473,22
2.95607330247484,22
