"mape","daycounts"
5.74460077527282,28
6.54375464581132,28
5.55746019968695,28
5.28943383578752,28
4.50381559005505,28
5.34123026836207,28
5.34372820282245,28
5.68217768173789,28
7.69958608039273,28
6.78869288469009,28
7.38528125900307,28
5.99771396361156,28
6.14993798560748,28
5.5116942668644,28
