"mape","daycounts"
1.99037372103249,22
1.59844358298589,22
1.46435348140746,22
1.03837042777151,22
1.13258023422884,22
1.73902425344613,22
1.39549977917884,22
1.66320073874555,22
1.22379289972295,22
1.27623345073123,22
1.09830110338345,22
