"mape","daycounts"
6.91786480455112,25
7.9097905895821,25
8.64307499144761,25
8.66345426415426,25
8.92529362595332,25
8.40425894244997,25
8.71570278895635,25
8.28634338602718,25
8.97863053552678,25
7.60533370098899,25
7.575208865186,25
8.69176421195365,25
10.0258055244577,25
