"mape","daycounts"
23.5410389928061,35
25.4142763466544,35
35.4301756857358,35
29.5029777325891,35
33.9591891480372,35
32.3016693458849,35
34.8970656501793,35
28.5719649324538,35
36.8206893094529,35
37.809096528422,35
32.5693937324804,35
22.2811116998828,35
28.5388963329282,35
30.4231589270007,35
25.5619178462618,35
37.400215477704,35
36.9891998365616,35
