"mape","daycounts"
2.4084337661949,21
2.36607180111944,21
2.34873106065555,21
2.2566050914023,21
2.19479542489527,21
2.21688213033405,21
2.1781700035698,21
2.23814544191559,21
1.63438441228466,21
2.44989870288655,21
2.40571847385597,21
