"mape","daycounts"
3.65348719505051,7
2.94964593064556,7
3.58038635424815,7
3.58374352841405,7
