"mape","daycounts"
0.305791894735081,23
0.294502842208282,23
0.3244982995281,23
0.330532537965814,23
0.388390963037968,23
0.319429954909748,23
0.336150439383346,23
0.369900663289662,23
0.339895524641867,23
0.378534831452079,23
0.370730550805317,23
