"mape","daycounts"
2.03233336402988,23
1.85273660705948,23
2.14217323124215,23
2.42899262956437,23
1.94292235543584,23
1.8305529673873,23
1.47394511947078,23
1.37877886147877,23
1.47811058947383,23
2.56272056884413,23
3.270484244631,23
3.26239319484113,23
