"mape","daycounts"
8.01612027318538,8
8.40654656020097,8
7.88368233022408,8
9.06124191861256,8
