"mape","daycounts"
1.28233202096235,14
1.16244280515231,14
0.929310733480989,14
1.03505249388426,14
0.603413871902995,14
0.849404114931448,14
0.953744246082575,14
