"mape","daycounts"
1.79657925098608,10
1.92823081004737,10
1.59128891294371,10
1.77872083610853,10
1.80817020983664,10
