"mape","daycounts"
7.82853320338893,22
6.7447986487551,22
6.8543810050427,22
6.95763660481948,22
7.27990908641769,22
7.1288618923482,22
6.64546957682249,22
6.62914464761348,22
6.19621242858654,22
7.27247373755675,22
6.59171393330388,22
