"mape","daycounts"
0.778791654276706,20
0.752382537877343,20
0.668527195594801,20
0.994527919779827,20
0.747367753471335,20
0.798676445832442,20
0.561989115888564,20
0.701102475019863,20
0.46067428391032,20
1.27939963752894,20
