"mape","daycounts"
0.462422330770935,21
0.39156783848973,21
0.444046578350416,21
0.416051703278499,21
0.446934879733708,21
0.41666296603393,21
0.53024395827822,21
0.423188455545851,21
0.372606796770377,21
0.372082909380234,21
