"mape","daycounts"
3.85028149458588,10
4.34591476750285,10
3.43944334751527,10
7.94684348871066,10
7.06872036522407,10
