"mape","daycounts"
1.21944352835704,25
2.18450946396889,25
1.27215317753868,25
1.79388955687241,25
0.523086869293682,25
0.747334543301134,25
0.399291835666742,25
1.36399320432789,25
1.0379089003425,25
1.17017664329507,25
0.740435693408406,25
1.07003609055482,25
