"mape","daycounts"
2.09054068198615,5
1.74846140137131,5
