"mape","daycounts"
0.499150631406897,10
0.982252071559374,10
1.28263250039955,10
0.489977556413371,10
0.862825449573507,10
