"mape","daycounts"
1.47482151597197,45
1.49859666510766,45
1.53310314430066,45
1.54785837368915,45
1.9420354359065,45
1.42915397327164,45
1.77129920817427,45
1.62251508452473,45
1.54335461288226,45
1.6900567765509,45
1.66663623625119,45
1.57064290392438,45
1.56309502649963,45
1.54379609781156,45
1.41501554681562,45
1.83484109285523,45
1.51715168606523,45
1.5734445017563,45
1.29334160490209,45
1.46695946434149,45
1.13342546143229,45
2.28169332442051,45
