"mape","daycounts"
6.55151628270963,21
5.84280002208585,21
6.91133825847314,21
7.1512439231623,21
7.38000601594994,21
5.1628996970958,21
6.44473218846571,21
6.58603886896631,21
5.42284918122791,21
6.59305126505273,21
6.95029232217916,21
