"mape","daycounts"
0.447850662172149,21
0.102506098382021,21
0.0771109763700402,21
0.0879421865897485,21
0.11941989377516,21
0.0911964580260989,21
0.167999029200859,21
0.140835135409983,21
0.329345166955395,21
0.373581853666366,21
