"mape","daycounts"
2.09129801046075,5
1.74914602636591,5
