"mape","daycounts"
0.391926603042725,8
0.502715050857317,8
0.355049772291143,8
0.508323229297032,8
