"mape","daycounts"
5.4104155852381,8
5.51037140886924,8
6.05466993945403,8
6.12531450644284,8
