"mape","daycounts"
7.88290320042379,21
7.43611859806973,21
8.98246608814812,21
7.96909804892885,21
8.04094247675249,21
7.86410888485161,21
8.94186192990609,21
6.6253986372321,21
8.51308447319268,21
8.14936294466766,21
