"mape","daycounts"
1.29422842159119,14
1.1758033000484,14
0.929931096473278,14
1.03446639077768,14
0.604225156049263,14
0.851710188642765,14
0.954674404370616,14
