"mape","daycounts"
6.61347173413415,23
6.38298345305408,23
6.56969825131872,23
5.91055413890846,23
6.17253489593996,23
5.867757302102,23
5.74607376985528,23
6.4737562091177,23
6.69371989503278,23
6.42311304494344,23
8.01805891682161,23
7.91147550631374,23
