"mape","daycounts"
3.65904355957271,7
2.97259290041334,7
3.60476307879682,7
3.59610097135764,7
