"mape","daycounts"
2.03281731829357,23
1.854537565555,23
2.14057646922509,23
2.42931330400184,23
1.94461802629199,23
1.83131286758761,23
1.47438845549014,23
1.37867564061019,23
1.47879022930491,23
2.56402349354819,23
3.2707578781761,23
3.26391690650828,23
