"mape","daycounts"
4.74539507311504,24
3.38046484222913,24
3.95017347935654,24
2.29633093394808,24
2.29427389411363,24
4.37790287524066,24
3.75404096440922,24
27.1610490096129,24
30.8414165538217,24
34.9377481117651,24
34.3302612570871,24
37.6132136399105,24
