"mape","daycounts"
1.21854432537772,25
2.18119319471436,25
1.27017370933509,25
1.80382225677265,25
0.522948965354144,25
0.74742074723152,25
0.39964151816679,25
1.36711403435806,25
1.0379162140643,25
1.17013064796184,25
0.740697045744202,25
1.06988490320673,25
