"mape","daycounts"
11.4562857533249,38
10.954750705594,38
9.81439991188174,38
9.63208946956823,38
10.6713920565252,38
7.26533466929064,38
7.47228309735799,38
8.66628369428322,38
8.39697689078469,38
8.28924838586406,38
8.01431302553627,38
7.4191119433591,38
7.09643744927042,38
7.97376183192133,38
7.96712210518072,38
8.43596850177656,38
13.8435156484075,38
13.1604682734485,38
14.5457265955146,38
