"mape","daycounts"
1.9907103820322,22
1.60208565536023,22
1.46457350440045,22
1.03856704878347,22
1.13268028308785,22
1.73937356437796,22
1.39575394902284,22
1.66339426905196,22
1.22400726657195,22
1.27647159504268,22
1.09850955187364,22
