"mape","daycounts"
5.74462326672443,28
6.54377314157654,28
5.55753498573517,28
5.28944378434985,28
4.50383464016956,28
5.34126253327951,28
5.34363350586926,28
5.68224262867648,28
7.69957278016896,28
6.78862385551275,28
7.38510496646493,28
5.99750297971129,28
6.14962656783287,28
5.51160708338187,28
