"mape","daycounts"
0.462654138832191,21
0.39327136210671,21
0.443642544304117,21
0.416477422127905,21
0.446677960819939,21
0.415001918840053,21
0.530518725533237,21
0.42507153076156,21
0.372249506233426,21
0.371387670539751,21
