"mape","daycounts"
3.84982665117083,10
4.34548294002556,10
3.43952898870257,10
7.94735010704476,10
7.06926573047121,10
