"mape","daycounts"
2.21676597472287,10
1.80149087297882,10
0.978004256871156,10
1.09896225602485,10
1.2527901966221,10
