"mape","daycounts"
12.3074096953098,41
11.4641680034228,41
11.3275465538029,41
19.6140229489365,41
19.0210449089528,41
12.4044154504655,41
12.4185595897095,41
11.666846505202,41
11.358353998565,41
12.3225187546515,41
11.4807964582926,41
12.3061090496564,41
12.5467437588609,41
12.1811792015264,41
12.0643132918788,41
11.9894614555013,41
12.1048792870862,41
12.6220738673915,41
15.9330489783303,41
16.4449510972439,41
