"mape","daycounts"
8.0148371880334,8
8.40670379724095,8
7.88432231707599,8
9.06390350484928,8
