"mape","daycounts"
1.79889041338693,10
1.93139788328465,10
1.59190598897386,10
1.77848887310758,10
1.80749101696683,10
