"mape","daycounts"
23.5400268696035,35
25.4142200021607,35
35.4300334222559,35
29.5025129759127,35
33.9586353965507,35
32.3011332338884,35
34.8960801796532,35
28.5705742047013,35
36.8212734213407,35
37.8092279460121,35
32.5691684665707,35
22.2820700266649,35
28.5394431238996,35
30.422649062338,35
25.5641382234823,35
37.4000494822717,35
36.9894800036057,35
