"mape","daycounts"
2.50963860382264,19
2.55546102332687,19
2.55166061310235,19
2.51170492865693,19
3.04783841581095,19
2.60361673419419,19
2.73193803008244,19
2.15670412403907,19
2.17465646072246,19
2.31682983856145,19
