"mape","daycounts"
0.212655448700575,28
0.268102419739997,28
0.246410205171226,28
0.264937480046449,28
0.411738543386161,28
0.413834135961868,28
0.241558550269609,28
0.223441722384814,28
0.439272575496768,28
0.411582451081044,28
0.489828205834483,28
0.302523279533875,28
0.175460996786623,28
0.34209970577676,28
