"mape","daycounts"
2.09121707880142,5
1.74927780857662,5
