"mape","daycounts"
0.304246002258761,23
0.29539911293731,23
0.321393589919759,23
0.330537466059935,23
0.388105735171144,23
0.317280603504465,23
0.336652414104289,23
0.366624734246742,23
0.341766873070241,23
0.377360408935263,23
0.367786076522113,23
