"mape","daycounts"
5.74469159867092,28
6.54284309688009,28
5.56092488551585,28
5.29014329222229,28
4.50470066648046,28
5.33718338763807,28
5.34324203123209,28
5.67750912586283,28
7.70666653892716,28
6.79402802344511,28
7.38839948222517,28
5.99659864351559,28
6.15535220697133,28
5.51006846275079,28
