"mape","daycounts"
0.447953539810881,21
0.102842750271277,21
0.0765111244372492,21
0.0888364584491238,21
0.119643629535453,21
0.0912406101011032,21
0.168418806813744,21
0.140930036269279,21
0.329387161316667,21
0.374137142923788,21
