"mape","daycounts"
6.55160017943514,21
5.84283445364703,21
6.90807676869922,21
7.15121858829277,21
7.37995250586896,21
5.16292157378488,21
6.44481187525023,21
6.58607516506086,21
5.42298070407221,21
6.59303301829109,21
6.95022124405891,21
