"mape","daycounts"
5.41015511449365,8
5.5115885816255,8
6.05737852766751,8
6.12838468583174,8
