"mape","daycounts"
11.4552240957843,38
10.9538781851695,38
9.8147081994892,38
9.63197559560819,38
10.6717180488478,38
7.26529958822743,38
7.47216146149648,38
8.66635228299064,38
8.39684822637335,38
8.28889020499231,38
8.01443507565918,38
7.4188072552844,38
7.09639870573356,38
7.97427070285484,38
7.96672412067223,38
8.43591656483148,38
13.8433582568379,38
13.1603597178158,38
14.5456134005962,38
