"mape","daycounts"
2.21729700528526,10
1.80138748238032,10
0.977732296885555,10
1.09926629635181,10
1.25286742640625,10
