"mape","daycounts"
7.82828430208197,22
6.74463341937576,22
6.85445410447171,22
6.9577948842432,22
7.27972261767719,22
7.12873923480008,22
6.64461819768844,22
6.62879330157986,22
6.19618540357634,22
7.27142217036956,22
6.59384016288766,22
