"mape","daycounts"
8.01687505278755,8
8.41088568804867,8
7.88222771211919,8
9.07142876829123,8
