"mape","daycounts"
0.784252164530185,20
0.755765679200839,20
0.670745797351726,20
0.992598189149344,20
0.746301999489804,20
0.794523541379529,20
0.56423162525417,20
0.70318123039871,20
0.462232528941073,20
1.27809119785806,20
