"mape","daycounts"
2.40842740455159,21
2.36597893259079,21
2.34859810735968,21
2.25667910155795,21
2.19478959456193,21
2.21762115663665,21
2.17808444051968,21
2.23807333190566,21
1.63443405650097,21
2.44971060422288,21
2.40559201629743,21
