"mape","daycounts"
0.463642492581325,21
0.392147542650554,21
0.442803937318598,21
0.416579731180962,21
0.447012593712026,21
0.413327469700012,21
0.53331271396609,21
0.424466681808869,21
0.372750106638328,21
0.374556419950753,21
