"mape","daycounts"
1.22325710155484,25
2.17957919686427,25
1.2698911287122,25
1.79883590592758,25
0.523013044384636,25
0.745851905191448,25
0.400450302269636,25
1.38018726630715,25
1.03793318067844,25
1.17031747762737,25
0.740972750645996,25
1.0688293474308,25
