"mape","daycounts"
1.9904406458308,22
1.60198722963684,22
1.46442785783314,22
1.03861420214156,22
1.13252717263925,22
1.73943401517082,22
1.39580891650253,22
1.66306961845239,22
1.22398207769632,22
1.27652422023449,22
1.09842268722299,22
