"mape","daycounts"
3.84929399733916,10
4.34460979770096,10
3.4393786231555,10
7.94681975574416,10
7.06907052143697,10
