"mape","daycounts"
23.5400704603382,35
25.4140615068181,35
35.4292224104758,35
29.4971711627817,35
33.9589286010648,35
32.3017703258634,35
34.8967029981531,35
28.5717560224468,35
36.8207429574346,35
37.8089101058773,35
32.5687829808127,35
22.2820032740185,35
28.5394013034231,35
30.4217435800772,35
25.5651459480126,35
37.4023230513679,35
36.9905710858056,35
