"mape","daycounts"
1.29181808312752,14
1.1745354365488,14
0.930014458640036,14
1.03414627212673,14
0.603796156000415,14
0.85135891126729,14
0.954636363282473,14
