"mape","daycounts"
4.74555117144846,24
3.38048792382999,24
3.95012775726454,24
2.29655992003875,24
2.29428963379688,24
4.37795190212148,24
3.75398016029463,24
27.1662610460359,24
30.8408988201072,24
34.9384364904328,24
34.3305609429804,24
37.6132421656346,24
