"mape","daycounts"
12.3079155119307,41
11.46395977447,41
11.3270909361254,41
19.6225211203433,41
19.0310982390194,41
12.4054625434731,41
12.4126272523097,41
11.6700046360708,41
11.3562600010365,41
12.3198902089212,41
11.4743494925339,41
12.3169020522845,41
12.5473058855557,41
12.1836937435219,41
12.0635887412459,41
11.988320728818,41
12.1032763445828,41
12.6201984858233,41
15.9359999967797,41
16.4487802119037,41
