"mape","daycounts"
0.393790386437579,8
0.496974034422403,8
0.356927045984273,8
0.506108917450953,8
