"mape","daycounts"
0.513848746172416,10
0.96455087422905,10
1.2862804869607,10
0.490047494689812,10
0.862362799807032,10
