"mape","daycounts"
1.798688325743,10
1.93093087368842,10
1.59054731350712,10
1.77792016267701,10
1.80684604729904,10
