"mape","daycounts"
0.217312458273294,28
0.269405754225542,28
0.248286018683352,28
0.251394591278685,28
0.41467195980625,28
0.414228416223423,28
0.241409184618129,28
0.227805667316437,28
0.442466751788693,28
0.411286216361617,28
0.48979448328688,28
0.301095758903296,28
0.174581488605016,28
0.342004055433246,28
