"mape","daycounts"
6.91312530742964,25
7.90374220315586,25
8.63697920305504,25
8.65481884959765,25
8.91792950729939,25
8.39612464256323,25
8.70025975582006,25
8.27055236811754,25
8.96001764058597,25
7.61577524010226,25
7.56578878051185,25
8.69255049026469,25
10.0288155908426,25
