"mape","daycounts"
3.65628185345823,7
2.97087657970324,7
3.60333697742864,7
3.59629401121205,7
