"mape","daycounts"
2.51018414295947,19
2.5556677328328,19
2.55166243361237,19
2.5121028470703,19
3.04718559919522,19
2.60357758087552,19
2.73170962296602,19
2.1566296476062,19
2.17424618696051,19
2.31633810383719,19
