"mape","daycounts"
7.88308326642375,21
7.43670434036518,21
8.98328125470208,21
7.96554322198642,21
8.04226321040827,21
7.86376857849136,21
8.94298535976698,21
6.62480010365948,21
8.51230405144579,21
8.15017132711104,21
