"mape","daycounts"
1.99324683636829,22
1.60354750670382,22
1.46648908971953,22
1.03918575634105,22
1.13198714622669,22
1.73876734336542,22
1.39718640995454,22
1.66443836747003,22
1.22572531495634,22
1.2782441240863,22
1.09982836299433,22
