"mape","daycounts"
6.61372519167768,23
6.38337064436035,23
6.5664002639608,23
5.91034058019939,23
6.1719303068663,23
5.86783198485617,23
5.74614149735646,23
6.47377595407263,23
6.69436242552122,23
6.42301684804238,23
8.01862551587075,23
7.91108309947034,23
