"mape","daycounts"
0.393049999229219,8
0.497216425420157,8
0.356729226046612,8
0.506105566880327,8
