"mape","daycounts"
23.539995163147,35
25.4125017566454,35
35.4327194038755,35
29.5008345728441,35
33.9597029645983,35
32.3020906679065,35
34.8983725746446,35
28.5693407053124,35
36.8185602163244,35
37.8072433798425,35
32.5684361550556,35
22.2828528983166,35
28.5413281248094,35
30.4241913667428,35
25.5656504292481,35
37.402560768652,35
36.990376133496,35
