"mape","daycounts"
1.79897044200057,10
1.93118070760872,10
1.59087573203052,10
1.77789158237371,10
1.80707395462302,10
