"mape","daycounts"
2.09259507072167,5
1.75038011599875,5
