"mape","daycounts"
5.41099925112977,8
5.5119988817222,8
6.05813039245172,8
6.12851422752903,8
