"mape","daycounts"
3.6560560026947,7
2.96897938800702,7
3.60301242620884,7
3.59548301678833,7
