"mape","daycounts"
8.01606681307507,8
8.41166617145618,8
7.88214803267917,8
9.0731924382517,8
