"mape","daycounts"
11.454483392982,38
10.9597863126415,38
9.8150802836312,38
9.62959784694087,38
10.6737526850641,38
7.26504628274012,38
7.47186995170939,38
8.66689975890036,38
8.39758714039947,38
8.28787543080801,38
8.01413722075026,38
7.41758682166647,38
7.09593133104481,38
7.97352589792249,38
7.96557829385305,38
8.43418398082482,38
13.842741064594,38
13.1611999804192,38
14.5464144119153,38
