"mape","daycounts"
2.0308118756617,23
1.85418698092191,23
2.1391014358505,23
2.42551159020588,23
1.94728428061268,23
1.8306440075923,23
1.47648373810552,23
1.38066375424188,23
1.48195202986323,23
2.5626895945431,23
3.26850949270234,23
3.26215603914136,23
