"mape","daycounts"
0.302827617684677,23
0.295059364015231,23
0.320015599582777,23
0.330866757052966,23
0.386775174956931,23
0.31528197569581,23
0.335347703905442,23
0.364661577650043,23
0.341236983077404,23
0.376452042951978,23
0.363565025978989,23
