"mape","daycounts"
0.463636063257349,21
0.392740582001834,21
0.442544615973952,21
0.416693641338596,21
0.446853629118819,21
0.413338124270609,21
0.533515407597102,21
0.425405639049519,21
0.372429392141829,21
0.373260868329244,21
