"mape","daycounts"
2.21261453718197,10
1.79836933673887,10
0.977609636923419,10
1.09924428978884,10
1.25290479796164,10
