"mape","daycounts"
6.55158245751764,21
5.84352094641997,21
6.91243190588329,21
7.15107511400819,21
7.37975293806184,21
5.16376668931505,21
6.44430915161818,21
6.58612091228599,21
5.42348148428659,21
6.59310038300415,21
6.94981527769791,21
