"mape","daycounts"
2.40843857470195,21
2.36556946394276,21
2.34878293706876,21
2.2566375304407,21
2.19526143712092,21
2.21793727319116,21
2.17813637381595,21
2.2383072793875,21
1.63478124796756,21
2.44989668082588,21
2.40565574018246,21
