"mape","daycounts"
0.503051107896769,10
0.969127943280538,10
1.3040622897227,10
0.484555181753917,10
0.863621931441067,10
