"mape","daycounts"
1.22299129134506,25
2.17974693492082,25
1.27141161219549,25
1.8002355817402,25
0.521695989132888,25
0.744813037820248,25
0.398900232890995,25
1.37824389200703,25
1.03775838309571,25
1.1714101437843,25
0.741184315500962,25
1.07042301976337,25
