"mape","daycounts"
3.84961418336763,10
4.34624833394969,10
3.44106931794428,10
7.9486666625109,10
7.07081061058486,10
