"mape","daycounts"
6.91149969170462,25
7.90732697692711,25
8.63563347577259,25
8.6568604941351,25
8.91631077275188,25
8.39396713833706,25
8.70178188694355,25
8.27120504253476,25
8.96415863559056,25
7.61410405286205,25
7.56270726126422,25
8.69290437227868,25
10.0328387413015,25
