"mape","daycounts"
1.75172447618429,22
1.98912285741166,22
1.89752380523959,22
1.93180697437136,22
1.81462393010644,22
1.81654479721105,22
1.94783959185376,22
1.62836001965462,22
1.6403126621484,22
2.35399103693297,22
2.95440409819551,22
