"mape","daycounts"
0.223099785014769,28
0.273648027939895,28
0.251043812472912,28
0.250344023556148,28
0.420307188748284,28
0.414325811210074,28
0.243290785717666,28
0.227805231453899,28
0.442471256985618,28
0.409551491332684,28
0.487780096629397,28
0.308006132831959,28
0.17648404497753,28
0.345319753808043,28
