"mape","daycounts"
2.50979117059775,19
2.55577822453307,19
2.5517754868352,19
2.51232515736949,19
3.0440523215277,19
2.6036080854144,19
2.73177268188572,19
2.15665014076583,19
2.17423777945761,19
2.31622651231058,19
