"mape","daycounts"
12.3102852279046,41
11.4594651503034,41
11.3213760505793,41
19.6236659312773,41
19.037033264469,41
12.4091953234701,41
12.4129812107967,41
11.6818952411933,41
11.3529635046217,41
12.3192693403651,41
11.4667373977133,41
12.3124085755852,41
12.5483267323851,41
12.1869203335643,41
12.0605957153161,41
11.9895681107143,41
12.1023298894125,41
12.6080321289673,41
15.9364066957941,41
16.4483085029191,41
