"mape","daycounts"
0.784124628794963,20
0.753807369961926,20
0.675248477748965,20
0.992764637045855,20
0.745713393492063,20
0.793107186731109,20
0.560330392435546,20
0.701144518473923,20
0.467082030408022,20
1.2775806545155,20
