"mape","daycounts"
0.447954376504862,21
0.102268128365686,21
0.0744595421041037,21
0.0894535427909885,21
0.121114480104607,21
0.0910016071255523,21
0.16864793769825,21
0.143343351958543,21
0.329436260623267,21
0.374106041514299,21
