"mape","daycounts"
1.31806762945297,14
1.20387809254989,14
0.931757067316962,14
1.03376747011638,14
0.606018319319727,14
0.852699714996089,14
0.95425590865212,14
