"mape","daycounts"
5.74613451077924,28
6.53975305889055,28
5.56244778975791,28
5.29319082892124,28
4.50763819837494,28
5.33346193613563,28
5.34153668785557,28
5.67342379675669,28
7.70419199620406,28
6.79763562040606,28
7.39169332371069,28
6.00200544940287,28
6.15952592311229,28
5.51778238499926,28
