"mape","daycounts"
4.7450643958805,24
3.38049465019518,24
3.94962840842396,24
2.29705507203332,24
2.29456801878438,24
4.37696127965694,24
3.75361399735838,24
27.1585460618362,24
30.8300688769422,24
34.9302780656223,24
34.3185522311285,24
37.5994100242338,24
