"mape","daycounts"
0.223127736924811,28
0.273180141569392,28
0.250526335123919,28
0.251863406328108,28
0.419910597931454,28
0.414043545824868,28
0.243277777320407,28
0.226123870959568,28
0.442403377169818,28
0.410481016032436,28
0.487680591530794,28
0.30708036531798,28
0.17669625277017,28
0.345382612814228,28
