"mape","daycounts"
6.91192249503053,25
7.90782830799405,25
8.63441554829002,25
8.6569426836106,25
8.91642253533998,25
8.39287353177107,25
8.70124981622076,25
8.26840936975592,25
8.96461228362038,25
7.61304871702043,25
7.56238966478378,25
8.69357695960335,25
10.0334284076046,25
