"mape","daycounts"
2.40840828215773,21
2.36569213419932,21
2.3487589060878,21
2.2567839832237,21
2.19545751875408,21
2.21814229629329,21
2.17806625356171,21
2.23809224537477,21
1.63503814516568,21
2.44968150294563,21
2.40538224739062,21
