"mape","daycounts"
3.65517666946604,7
2.96859264434808,7
3.60290065307842,7
3.59643937287066,7
