"mape","daycounts"
11.4534963437881,38
10.9564797011887,38
9.81456020960752,38
9.62898124209458,38
10.6807926992748,38
7.27028288149136,38
7.47958607383371,38
8.66992367804715,38
8.4025485918681,38
8.28759909545534,38
8.01614293778115,38
7.41969709103478,38
7.09549384642974,38
7.97722073200877,38
7.96570566098386,38
8.43695688978884,38
13.841504782702,38
13.1566115640383,38
14.5448967260095,38
