"mape","daycounts"
1.99337022510972,22
1.61691876103285,22
1.46878466808306,22
1.04044375926636,22
1.13243177253419,22
1.74261009101891,22
1.40126337345671,22
1.6646811030243,22
1.22705538157727,22
1.27890642719414,22
1.1011573144672,22
