"mape","daycounts"
1.22282163380974,25
2.17989334690778,25
1.27128022001905,25
1.79967556886041,25
0.521877978597387,25
0.744811561953606,25
0.399099919869177,25
1.37735864079599,25
1.03778982901053,25
1.17141493293642,25
0.74121599407537,25
1.07024693506239,25
