"mape","daycounts"
0.463643794907034,21
0.393048227444206,21
0.442535181012163,21
0.416297861858741,21
0.446880056092578,21
0.413753198962007,21
0.533497302933634,21
0.428046926586806,21
0.372402115847132,21
0.373246519989125,21
