"mape","daycounts"
8.01608305692608,8
8.41178135733981,8
7.88183554013739,8
9.07498272597037,8
