"mape","daycounts"
0.303702930412319,23
0.294070100814905,23
0.320217822641904,23
0.330871071681257,23
0.386797083850964,23
0.314301482318724,23
0.335433211917351,23
0.364853195543046,23
0.339531255425222,23
0.375862827269265,23
0.364713852486126,23
