"mape","daycounts"
23.5396986537885,35
25.4124415579666,35
35.4331250010744,35
29.5026891713143,35
33.9592332542103,35
32.3016396708961,35
34.897477201336,35
28.5675331188537,35
36.8185717627707,35
37.8070061977015,35
32.5683926550458,35
22.2827342765847,35
28.5409949702045,35
30.4241808161966,35
25.566082666861,35
37.402023850621,35
36.9903781825318,35
