"mape","daycounts"
0.404240014921465,8
0.504119240833113,8
0.371809817100563,8
0.507142823875324,8
