"mape","daycounts"
2.5156478017909,19
2.55504306012912,19
2.55226062927511,19
2.51199428506027,19
3.04313097140222,19
2.60358651081723,19
2.7314501870106,19
2.15726394710617,19
2.17463038954987,19
2.31607970263014,19
