"mape","daycounts"
7.82927083521272,22
6.7444605475186,22
6.85350436168724,22
6.95676880258645,22
7.27789520412345,22
7.1282245673418,22
6.64365944670763,22
6.62769551937158,22
6.19602562619859,22
7.2736071454021,22
6.5879879340214,22
