"mape","daycounts"
12.3103121136244,41
11.4595424268229,41
11.3215118224797,41
19.6236450430067,41
19.0369833227433,41
12.4091681723856,41
12.4129140740425,41
11.6809643041464,41
11.3529727893962,41
12.3192768743139,41
11.466756810207,41
12.3120497048595,41
12.548299924095,41
12.1869246420919,41
12.0606739547953,41
11.9895679214604,41
12.1023889062832,41
12.6080398952336,41
15.9362968831819,41
16.4481810435456,41
