"mape","daycounts"
7.88308648132019,21
7.43653196585102,21
8.98322007549048,21
7.96563165713527,21
8.04225322205675,21
7.86374615939175,21
8.94312166660862,21
6.62467707721438,21
8.51227687129881,21
8.15020013484222,21
