"mape","daycounts"
1.79997148250285,10
1.93178342180821,10
1.59030660063891,10
1.77844829580852,10
1.80737482512791,10
