"mape","daycounts"
0.785179596950234,20
0.753632521331269,20
0.676402640820541,20
0.992454819576076,20
0.74795340753867,20
0.791958701472044,20
0.563494218521354,20
0.704342918566423,20
0.464867625418002,20
1.28041736633494,20
