"mape","daycounts"
4.74410909933251,24
3.37980703318131,24
3.9494361072167,24
2.29733171265981,24
2.29383851880568,24
4.37730636975056,24
3.75327018396897,24
27.1592542128601,24
30.835003580623,24
34.948645185339,24
34.3320263136043,24
37.6072291836895,24
