"mape","daycounts"
0.5074518786591,10
0.971119202770822,10
1.29760885751137,10
0.48482137976832,10
0.860368177042404,10
