"mape","daycounts"
6.55177397238849,21
5.84407839659838,21
6.92259253159327,21
7.15054149156988,21
7.37939756657714,21
5.16310793901174,21
6.44239476197224,21
6.58623803934492,21
5.42366820473501,21
6.59170217823791,21
6.94847550042849,21
