"mape","daycounts"
5.41766303270079,8
5.52266215665093,8
6.06850965072948,8
6.13738237799251,8
