"mape","daycounts"
5.74602976362889,28
6.53971817404775,28
5.56238197217252,28
5.29317967199536,28
4.50761438550785,28
5.33333744699686,28
5.34159729045384,28
5.67343848943021,28
7.70438914098931,28
6.7976089925048,28
7.39178122926313,28
6.00194714415428,28
6.15960066267429,28
5.5177901046667,28
