"mape","daycounts"
2.09365995346172,5
1.75058348368203,5
