"mape","daycounts"
1.32616793202591,14
1.21619194318495,14
0.932482436842081,14
1.0310665249581,14
0.606868646594581,14
0.85538360667206,14
0.955667451473507,14
