"mape","daycounts"
3.85178219212041,10
4.35109056984224,10
3.44480281786301,10
7.95657247868325,10
7.07765139683376,10
