"mape","daycounts"
0.448087409050671,21
0.102007647062972,21
0.0742753110803525,21
0.0895444072938368,21
0.121316013186578,21
0.0903085774492896,21
0.167042217884119,21
0.144450771052835,21
0.329222723606333,21
0.373997605531219,21
