"mape","daycounts"
2.03012316385615,23
1.85318250225269,23
2.13719374069324,23
2.42567984017641,23
1.94596668796587,23
1.82899035661459,23
1.47624849233142,23
1.38065911990528,23
1.48028887785621,23
2.55986786971599,23
3.26845585504017,23
3.26242943662067,23
