"mape","daycounts"
2.21660132166915,10
1.80058497169048,10
0.977612848257532,10
1.09923731270667,10
1.25304522131277,10
