"mape","daycounts"
1.47454199833402,45
1.49796041541207,45
1.533730732733,45
1.54672012402106,45
1.94151445253091,45
1.42737706140623,45
1.77151266263733,45
1.62308318529842,45
1.54207759775509,45
1.69042320412727,45
1.66682647269745,45
1.57125044171002,45
1.5599231119182,45
1.54330206696835,45
1.41254193958957,45
1.83357729303498,45
1.51489907747229,45
1.57445279450217,45
1.29242433291128,45
1.46838105923096,45
1.13276049142427,45
2.28158320985568,45
