"mape","daycounts"
0.785076816065776,20
0.753639827347668,20
0.676351448299792,20
0.992323408842361,20
0.747969483740093,20
0.791994777194072,20
0.56345162301079,20
0.704362575794475,20
0.464875196003722,20
1.28027953800903,20
