"mape","daycounts"
3.85233867368779,10
4.3516953390402,10
3.44452721394789,10
7.95685369423782,10
7.07802940946021,10
