"mape","daycounts"
2.09381699587698,5
1.751977335831,5
