"mape","daycounts"
8.0168250604316,8
8.41185823125044,8
7.8816810178012,8
9.07359083638664,8
