"mape","daycounts"
2.22735075139642,10
1.81251490927292,10
0.976362162762097,10
1.09941321819646,10
1.25295409356155,10
