"mape","daycounts"
5.41808861657137,8
5.52569517567328,8
6.07080039773627,8
6.13930648897523,8
