"mape","daycounts"
2.4084062838725,21
2.36569620188404,21
2.34875811067885,21
2.25678910327803,21
2.19545658772247,21
2.21814348357638,21
2.17806616043684,21
2.23809268138763,21
1.63503529040368,21
2.4496779137033,21
2.40536577634091,21
