"mape","daycounts"
5.74573761980054,28
6.53980522735065,28
5.56291616922616,28
5.29368348605359,28
4.50799730191754,28
5.33342972719472,28
5.34170495083127,28
5.67323746122308,28
7.7052733287061,28
6.79753963543457,28
7.39204944461698,28
6.00230331912903,28
6.15989834199128,28
5.51870505220063,28
