"mape","daycounts"
2.03039397000663,23
1.85458624338323,23
2.13354815390607,23
2.42563052569147,23
1.94401665871363,23
1.82811007338041,23
1.47558736291639,23
1.38089901047659,23
1.48157026719461,23
2.56049254701993,23
3.25997770424572,23
3.25584315029293,23
