"mape","daycounts"
23.5391401865305,35
25.4153522834653,35
35.4351499606415,35
29.5037954166712,35
33.9552786647854,35
32.3032279126842,35
34.8941944364391,35
28.5670405067562,35
36.8220228347694,35
37.8098672509529,35
32.5711454455938,35
22.2802294728368,35
28.5424391089816,35
30.4204916322628,35
25.5686845817031,35
37.4052782524604,35
36.9927976549831,35
