"mape","daycounts"
1.22333872620233,25
2.18346153311199,25
1.26915081167443,25
1.79109075688838,25
0.522540839797035,25
0.746817548545407,25
0.397190805550933,25
1.38471086573002,25
1.0393124061721,25
1.17364545725098,25
0.740137359525147,25
1.06980054977664,25
