"mape","daycounts"
6.55198555131883,21
5.84429487690189,21
6.92079723660572,21
7.15050036051395,21
7.379027161511,21
5.1630902322852,21
6.4422565807038,21
6.58599959883369,21
5.42359347754534,21
6.5915718625351,21
6.94795777445252,21
