"mape","daycounts"
4.74592654173005,24
3.38017969941379,24
3.95207129376872,24
2.29703395283779,24
2.29468360094734,24
4.37770799144945,24
3.75311648363817,24
27.1668794621196,24
30.835034358871,24
34.9292115465114,24
34.3278477512437,24
37.594168266614,24
