"mape","daycounts"
1.7482899886491,22
1.98768689756275,22
1.89698767224115,22
1.93384505768715,22
1.81393007781681,22
1.82132792094673,22
1.95576898782685,22
1.62465573359277,22
1.63342409019175,22
2.35080721753035,22
2.95454943828634,22
