"mape","daycounts"
1.99306553602135,22
1.61572903836572,22
1.46865325681968,22
1.0406142994526,22
1.13275616788828,22
1.74270097779341,22
1.40101680432693,22
1.66446681614621,22
1.22676672561111,22
1.27881580317783,22
1.10095308887303,22
