"mape","daycounts"
7.88304324446201,21
7.43650826467902,21
8.98320655207046,21
7.96563190029164,21
8.04224808213668,21
7.86375166791655,21
8.94309884473083,21
6.62465504640568,21
8.51228245592481,21
8.15022646539055,21
