"mape","daycounts"
0.403867396399903,8
0.496146086477882,8
0.37856194126044,8
0.506456389039886,8
