"mape","daycounts"
0.22099738849909,28
0.271949541126743,28
0.248977362130372,28
0.254107523290303,28
0.417775241325307,28
0.414671943592633,28
0.244710631960088,28
0.228018199544774,28
0.442131249108569,28
0.411228325849161,28
0.487817697737175,28
0.306807951452297,28
0.176335501528542,28
0.345072637435622,28
