"mape","daycounts"
6.61297541930189,23
6.38167215515039,23
6.5681542697461,23
5.91147837679802,23
6.17379862536835,23
5.86678585848252,23
5.74660795938368,23
6.47392152106463,23
6.69372562546162,23
6.42182774575033,23
8.01846095463359,23
7.9128680213614,23
