"mape","daycounts"
12.3083839087224,41
11.4612621764093,41
11.3220512153602,41
19.6284119097061,41
19.0383228656038,41
12.4049191975822,41
12.4140555499285,41
11.6605463933025,41
11.3516328284089,41
12.3153821886278,41
11.4702566446801,41
12.3420377609145,41
12.5442153504509,41
12.1838804510132,41
12.0564458862866,41
11.9873467335931,41
12.1018253697621,41
12.6113297383924,41
15.9375802289745,41
16.4512572276972,41
