"mape","daycounts"
0.50658555514731,10
0.964770450933307,10
1.22295753526222,10
0.490196991791768,10
0.860669345525098,10
