"mape","daycounts"
6.91229645343453,25
7.90778093173689,25
8.63451677034971,25
8.65665098668318,25
8.91664095764117,25
8.39267456557538,25
8.70109848283577,25
8.2686609929186,25
8.96512529483863,25
7.61362152352796,25
7.56263906634407,25
8.69303081047099,25
10.0334452961534,25
