"mape","daycounts"
11.4535038829352,38
10.9560827811496,38
9.81446573778906,38
9.62923791147945,38
10.6806863402897,38
7.27134697282688,38
7.47988987943599,38
8.67108476990365,38
8.40406797523861,38
8.28741679990358,38
8.01660819891284,38
7.41914755074311,38
7.09532490136775,38
7.9770940066361,38
7.96569821672691,38
8.43733408667578,38
13.8405763408191,38
13.1552987028316,38
14.5425939467165,38
