"mape","daycounts"
1.33822321942767,14
1.23194945127455,14
0.932359179697858,14
1.03031780082251,14
0.607949460678847,14
0.856964029421503,14
0.955878773656146,14
