"mape","daycounts"
1.47442059023882,45
1.4979476842196,45
1.53385400660255,45
1.5465777144131,45
1.94162258110834,45
1.42737289506915,45
1.77130396508812,45
1.62300924783535,45
1.54190075074253,45
1.69071041825995,45
1.66656014112629,45
1.57118767399145,45
1.55939883175813,45
1.54321743731088,45
1.41230363527235,45
1.83358805953746,45
1.51480582386373,45
1.57453461276258,45
1.29223523439078,45
1.46859908397996,45
1.13254044123544,45
2.28137271290701,45
