"mape","daycounts"
0.303260357771322,23
0.293362899107889,23
0.320528714983788,23
0.33183730005416,23
0.387238421360353,23
0.314744066373672,23
0.335923745595901,23
0.365008531872844,23
0.339321272824761,23
0.376041493735777,23
0.364477762173358,23
