"mape","daycounts"
0.448217743014439,21
0.102164934611209,21
0.0742952996322564,21
0.0898444485179797,21
0.121493771206299,21
0.0902497708597623,21
0.167180186262571,21
0.143209424587291,21
0.329338077591907,21
0.374079363651221,21
