"mape","daycounts"
0.462095029996544,21
0.389875239251881,21
0.443713298755272,21
0.416275546973672,21
0.446853100314388,21
0.415030668754032,21
0.53134774378661,21
0.422807803812768,21
0.37199641218303,21
0.37389489625893,21
