"mape","daycounts"
3.65905413191679,7
2.97559643211072,7
3.60730633410354,7
3.59762506919309,7
