"mape","daycounts"
1.79980587814175,10
1.93163042626706,10
1.59063178893688,10
1.77848562197342,10
1.80730868088776,10
