"mape","daycounts"
1.74832909040545,22
1.98822447532154,22
1.89691325682181,22
1.93415765233656,22
1.8137951696541,22
1.82137013761309,22
1.95612516318898,22
1.62453977774105,22
1.63320618423515,22
2.35081882927603,22
2.95453258664353,22
