"mape","daycounts"
2.09409418874514,5
1.75205706614318,5
