"mape","daycounts"
6.55052786805858,21
5.84590014752392,21
6.9098156039166,21
7.14936732427658,21
7.37676880624355,21
5.16324068488308,21
6.44022490626158,21
6.58443150200406,21
5.4266832618208,21
6.5906513890909,21
6.94779826945347,21
