"mape","daycounts"
0.448221465777996,21
0.101348383443323,21
0.074280820601447,21
0.0897809082406683,21
0.121707946552436,21
0.0902820249534373,21
0.166901027741352,21
0.142160905866024,21
0.329525813358848,21
0.374020661716162,21
