"mape","daycounts"
2.40843961667367,21
2.36575268699635,21
2.34882619203588,21
2.25681986148106,21
2.19544642357201,21
2.21806820107495,21
2.1780559541657,21
2.23805894168348,21
1.63506456458974,21
2.44974161338889,21
2.40547090486982,21
