"mape","daycounts"
0.404852066742219,8
0.493751795541566,8
0.379499078501267,8
0.505226953660781,8
