"mape","daycounts"
0.784856282880469,20
0.7536345333588,20
0.676236631969965,20
0.992105767526222,20
0.747987801006276,20
0.791825685349851,20
0.563513857657267,20
0.704465429510873,20
0.46490136623472,20
1.28026373497444,20
