"mape","daycounts"
1.22340330927392,25
2.18365571986117,25
1.26943695976305,25
1.79097603896838,25
0.522511670019835,25
0.747001321208107,25
0.397380382082651,25
1.38309158595886,25
1.03953317128964,25
1.17369047007393,25
0.740154613549534,25
1.06968500577667,25
