"mape","daycounts"
4.74631891897521,24
3.38040782206305,24
3.95187361153449,24
2.29732110998722,24
2.29441813343197,24
4.37681272351501,24
3.75301680485695,24
27.1650794500684,24
30.8297679163764,24
34.9195736715911,24
34.3220771192817,24
37.5846021170183,24
