"mape","daycounts"
12.3083497942116,41
11.4617062659296,41
11.3217180205375,41
19.6291539009244,41
19.0395170545868,41
12.4045876886043,41
12.4144262279722,41
11.6659439127809,41
11.3513363471812,41
12.3152278537782,41
11.4702046124253,41
12.3429589115179,41
12.5442034200226,41
12.1836986035526,41
12.0562466872944,41
11.9871747398968,41
12.1015726854818,41
12.6117238915063,41
15.9377895409213,41
16.4516973814763,41
