"mape","daycounts"
5.74520397083416,28
6.53885668767637,28
5.56115364043753,28
5.29246040421147,28
4.50714127626779,28
5.33170644338935,28
5.34183748748704,28
5.67290862994669,28
7.70458764777743,28
6.79763917726532,28
7.39237504660946,28
6.00181045769782,28
6.16017368029478,28
5.51827029466056,28
