"mape","daycounts"
7.82610590557098,22
6.7429699496529,22
6.85243649091797,22
6.95625301118221,22
7.27723307013939,22
7.12832518933045,22
6.64494766969642,22
6.6281792900569,22
6.19480473529148,22
7.27682777197089,22
6.58893632008252,22
