"mape","daycounts"
1.99314196951864,22
1.61628123673625,22
1.4686266593918,22
1.04067862546171,22
1.13281021872333,22
1.74331293468179,22
1.40139669196048,22
1.66456463745635,22
1.22679143407372,22
1.27887658630685,22
1.10102259964395,22
