"mape","daycounts"
2.51372074874777,19
2.55523583673124,19
2.55297141311304,19
2.51163142405851,19
3.04346204211592,19
2.60413511907325,19
2.73223117164967,19
2.15724342141054,19
2.1755566542313,19
2.31807714098701,19
