"mape","daycounts"
3.85259636229106,10
4.35197254446542,10
3.44464038618921,10
7.95702762108494,10
7.07801740398902,10
