"mape","daycounts"
0.213211699638287,28
0.272917052929027,28
0.249906475415326,28
0.252655799494057,28
0.42002679808727,28
0.412395007599408,28
0.243426775176092,28
0.228645521033678,28
0.436301610019168,28
0.409844923703469,28
0.491495921626964,28
0.305799578557545,28
0.178441154336541,28
0.345963965012117,28
