"mape","daycounts"
7.8830608855199,21
7.43652192884031,21
8.9832053822237,21
7.96566890214452,21
8.04224671084472,21
7.86377155708613,21
8.94313500793454,21
6.62469681730176,21
8.51228232249596,21
8.15017455227425,21
