"mape","daycounts"
1.79980490296413,10
1.93080395230729,10
1.59027666988981,10
1.77829052765229,10
1.80722289384018,10
