"mape","daycounts"
8.01749506845753,8
8.41352051652033,8
7.87960464261586,8
9.07968375117427,8
