"mape","daycounts"
11.4514153688431,38
10.954500444614,38
9.81169934451798,38
9.62887558239416,38
10.6811865540204,38
7.27132338609062,38
7.47989314939737,38
8.66983735854567,38
8.40110179611144,38
8.28625461263693,38
8.01677162224173,38
7.41696419249068,38
7.09484218882833,38
7.97624870959583,38
7.96429112306722,38
8.43718032073137,38
13.8426339488249,38
13.1571144819174,38
14.5432581925363,38
