"mape","daycounts"
6.61300264363651,23
6.38161986434133,23
6.56825974036253,23
5.91148043649428,23
6.17376591473295,23
5.86684919346714,23
5.74661656690183,23
6.47397124825315,23
6.69343752383414,23
6.42155251418179,23
8.01829917850565,23
7.91290662494743,23
