"mape","daycounts"
1.47259241776272,45
1.49659571219381,45
1.53208010478285,45
1.54618273221146,45
1.94215754257808,45
1.4272572230414,45
1.7715863476563,45
1.62311757986258,45
1.54044488089973,45
1.68940555513594,45
1.67408409344256,45
1.57228833393778,45
1.56277461693007,45
1.54563584203393,45
1.4132987900266,45
1.83190564568537,45
1.51384205749175,45
1.57224390454073,45
1.29664082423385,45
1.46804628649772,45
1.13460212426048,45
2.27892033190759,45
