"mape","daycounts"
1.33867024186473,14
1.23276769153024,14
0.932897736998961,14
1.02985684940313,14
0.607626233587663,14
0.85733664458413,14
0.955920324530614,14
