"mape","daycounts"
23.5386837598976,35
25.4152078905218,35
35.4355346571197,35
29.5046112636998,35
33.9545298754663,35
32.3027958150957,35
34.8939618799702,35
28.5673064630898,35
36.8219225730845,35
37.8092860072873,35
32.570989722637,35
22.2801102077033,35
28.541776009089,35
30.4206615784351,35
25.5686339848212,35
37.4052297336012,35
36.993144023713,35
