"mape","daycounts"
2.2212199039791,10
1.80863747963766,10
0.976481890888524,10
1.09897160902109,10
1.25337384115943,10
