"mape","daycounts"
2.03048995166917,23
1.85451490932464,23
2.13312907982599,23
2.42710096291814,23
1.9439914349432,23
1.82800857089988,23
1.47612157101417,23
1.38097636320751,23
1.4818875254168,23
2.55972208175805,23
3.25948178856115,23
3.25532845300289,23
