"mape","daycounts"
0.304320386497154,23
0.292913921357715,23
0.321272996613617,23
0.331645949910064,23
0.386918886624189,23
0.315682508647845,23
0.335988600172741,23
0.366418544424306,23
0.338517565180271,23
0.376528583778936,23
0.365415712455201,23
