"mape","daycounts"
6.91165037538655,25
7.90713811480325,25
8.63468565685058,25
8.65700758477051,25
8.91592220893962,25
8.39171407038375,25
8.6998606368148,25
8.26854882124884,25
8.96241166370925,25
7.61459162908876,25
7.56346448002704,25
8.69298562771572,25
10.0330371253302,25
