"mape","daycounts"
5.41724862604017,8
5.52525579469688,8
6.07130296802035,8
6.13981240444932,8
