"mape","daycounts"
0.511148203358215,10
0.971174422992924,10
1.22219950521316,10
0.482409070127075,10
0.861330839586824,10
