"mape","daycounts"
0.46252849122843,21
0.390019269505977,21
0.442570042362329,21
0.418254604303255,21
0.446936016926729,21
0.415771951686448,21
0.529118754124414,21
0.423976044403959,21
0.373491296005589,21
0.37440592796735,21
