"mape","daycounts"
3.65897681761806,7
2.97720131495015,7
3.61060434583715,7
3.60091835664857,7
