"mape","daycounts"
12.3080229361739,41
11.4601583196437,41
11.3204473367694,41
19.6324874318764,41
19.0433670719574,41
12.4038299373421,41
12.4135234514455,41
11.6660416704174,41
11.3499758684717,41
12.3152287293329,41
11.4686331659315,41
12.3639613250726,41
12.542357265827,41
12.1837217248523,41
12.0535035382189,41
11.98691936283,41
12.097960007843,41
12.607574207932,41
15.9367326781068,41
16.450713179405,41
