"mape","daycounts"
1.74771491415998,22
1.98805768279994,22
1.89640642456847,22
1.93309651324591,22
1.81533462826998,22
1.82130872321586,22
1.95674177871517,22
1.62283220351706,22
1.63125299612875,22
2.3509100478082,22
2.9565876899489,22
