"mape","daycounts"
7.88354126183111,21
7.43703720379347,21
8.98320699941236,21
7.96370833098597,21
8.04236246317776,21
7.86377806087028,21
8.94412542775215,21
6.62420203809008,21
8.51168414266467,21
8.15017681317994,21
