"mape","daycounts"
1.99683478430388,22
1.61502038565277,22
1.47174684976584,22
1.04129171546441,22
1.13518451691701,22
1.74561926810923,22
1.40668814819184,22
1.67016617305514,22
1.23051306332546,22
1.28203579089177,22
1.10406649827121,22
