"mape","daycounts"
0.303867532148444,23
0.29280391054125,23
0.321462367315282,23
0.331324755930099,23
0.386597536670994,23
0.315522400539372,23
0.335730100851045,23
0.366364447740103,23
0.33862335006261,23
0.376587478026516,23
0.365423090301498,23
