"mape","daycounts"
23.5387750686976,35
25.4151565605266,35
35.433515457316,35
29.5067346349412,35
33.9545828076063,35
32.3028184231636,35
34.8940457463813,35
28.5679224186776,35
36.8218982771952,35
37.8091910781945,35
32.5710639882771,35
22.2801173984992,35
28.5414293144884,35
30.4207640474847,35
25.567111951576,35
37.4056210314466,35
36.99378217344,35
