"mape","daycounts"
1.79976682193533,10
1.93143622343217,10
1.58982276545755,10
1.77789061452313,10
1.80671600841157,10
