"mape","daycounts"
5.74547959393321,28
6.53943625602809,28
5.56144208681048,28
5.29299462993888,28
4.50720933221658,28
5.33205600253695,28
5.34212179724675,28
5.6730028455386,28
7.70447533578943,28
6.79853279613998,28
7.39231131948554,28
6.00207365350379,28
6.16034652603508,28
5.51914731882781,28
