"mape","daycounts"
11.4508841669554,38
10.9549670592855,38
9.81181578748096,38
9.6300471930331,38
10.6827218659053,38
7.27100229195828,38
7.47984067543337,38
8.66959465410483,38
8.40147565708788,38
8.28629988949253,38
8.01718415643271,38
7.41713085742921,38
7.0950064024622,38
7.97623248494038,38
7.96402857601137,38
8.43720047300552,38
13.8429553872094,38
13.1571024888974,38
14.5432379101329,38
