"mape","daycounts"
6.91163732749232,25
7.90704519983266,25
8.63466726339938,25
8.65703897344876,25
8.91592966953373,25
8.39170724912203,25
8.69985483863066,25
8.26854850193084,25
8.96242997225052,25
7.61453434459277,25
7.56358122471886,25
8.69357887460426,25
10.0331157276032,25
