"mape","daycounts"
2.51338071273404,19
2.55606635415271,19
2.55305643256686,19
2.51136801550645,19
3.03955082138401,19
2.60456983732408,19
2.73231214920186,19
2.15719470841497,19
2.17494300415374,19
2.31752691407552,19
