"mape","daycounts"
5.41618465232678,8
5.52379762683421,8
6.07047974878843,8
6.13923379822233,8
