"mape","daycounts"
0.213548538638763,28
0.272942097073627,28
0.249980838184521,28
0.252665645662577,28
0.420155992161349,28
0.412572805738033,28
0.24345915376432,28
0.228681426970922,28
0.436484064811088,28
0.409799467649154,28
0.492013538623638,28
0.306023296203537,28
0.178380493240053,28
0.345820607473333,28
