"mape","daycounts"
1.47345391529698,45
1.49613635529822,45
1.53226102560619,45
1.54808786510181,45
1.94387097609755,45
1.42837550630965,45
1.77157740323027,45
1.62198407337469,45
1.54084251623574,45
1.68991814637157,45
1.67460922402947,45
1.57216627469777,45
1.56269688981249,45
1.54559653531948,45
1.41283619523444,45
1.83204280315078,45
1.51450073904636,45
1.57229834488382,45
1.29805325473647,45
1.46744905984603,45
1.13415285712368,45
2.28024604888809,45
