"mape","daycounts"
3.85265455153453,10
4.3512245203202,10
3.44357268582476,10
7.95641715353666,10
7.07723808961684,10
