"mape","daycounts"
7.83169225321942,22
6.74289702778428,22
6.85465712538037,22
6.96083194369492,22
7.28089795215462,22
7.12647211638162,22
6.6495112105117,22
6.63097833656771,22
6.19643383691063,22
7.27643675194197,22
6.60366630714727,22
