"mape","daycounts"
2.09437555152773,5
1.75262340882204,5
