"mape","daycounts"
4.74643849030002,24
3.38051632389063,24
3.95189080632704,24
2.29728810395483,24
2.29436625996161,24
4.37686451164718,24
3.75293213812577,24
27.1655858938414,24
30.8256894817034,24
34.9170373080778,24
34.3190185348162,24
37.5798688978087,24
