"mape","daycounts"
2.02981844766581,23
1.8545259220053,23
2.13321294194993,23
2.42644660432362,23
1.94234452596075,23
1.82829114831821,23
1.47512211960131,23
1.38105929373845,23
1.48219256496732,23
2.5596548221232,23
3.25990470604832,23
3.25678071568124,23
