"mape","daycounts"
6.61242106113822,23
6.38095621077387,23
6.56756234739657,23
5.91130294604881,23
6.17402125156806,23
5.86659741180981,23
5.7473464948104,23
6.47442782551315,23
6.69263635883675,23
6.42099905021261,23
8.01875924761685,23
7.91347844505655,23
