"mape","daycounts"
2.24509648663592,10
1.83140762566709,10
0.976980078813249,10
1.09749310101374,10
1.25389384349901,10
