"mape","daycounts"
0.51378440195013,10
0.964449549322544,10
1.21593300725443,10
0.491794005263579,10
0.869359772850189,10
