"mape","daycounts"
1.22299278418203,25
2.18361457345613,25
1.2695871607742,25
1.79044447639158,25
0.52220454145329,25
0.747080802535941,25
0.397121918548579,25
1.38266080801979,25
1.03910488203559,25
1.1733397160731,25
0.740201169311882,25
1.07037184002841,25
