"mape","daycounts"
0.406121722722409,8
0.494833891906284,8
0.379532209728789,8
0.50653257116529,8
