"mape","daycounts"
0.449542711881038,21
0.101835920266543,21
0.0742970285198713,21
0.0883401657326768,21
0.123111474230001,21
0.0939227516575758,21
0.167168365690376,21
0.141303567659332,21
0.330033144883215,21
0.375085093360357,21
