"mape","daycounts"
0.783671443635371,20
0.752929713385623,20
0.67516556406055,20
0.991620408706055,20
0.748534397026651,20
0.791436836414781,20
0.563072674330196,20
0.705638872279333,20
0.462799934162132,20
1.2789519350211,20
