"mape","daycounts"
8.01641090194397,8
8.41090393243218,8
7.8774451132451,8
9.08441188721164,8
