"mape","daycounts"
1.33692419524158,14
1.22996613627284,14
0.932830645454136,14
1.02952140465528,14
0.606372139823058,14
0.857148841437476,14
0.955916033683022,14
