"mape","daycounts"
0.462860502851676,21
0.392745817318728,21
0.446888719247684,21
0.4197382693783,21
0.449137211450117,21
0.420101525198665,21
0.526407997862384,21
0.425138205575935,21
0.375855402865619,21
0.376551274484913,21
