"mape","daycounts"
3.65914719043594,7
2.97761737106888,7
3.6107800080272,7
3.60088423659127,7
