"mape","daycounts"
6.91483872799368,25
7.90728170076772,25
8.634997780525,25
8.65824012381,25
8.91548215655322,25
8.39704642753157,25
8.7042278251804,25
8.27290452719862,25
8.96596774698766,25
7.61273120666646,25
7.56699135595743,25
8.69516742487416,25
10.0334870548477,25
