"mape","daycounts"
0.304088111268839,23
0.294138688693766,23
0.320892775408757,23
0.331159757230412,23
0.386299057485152,23
0.315128200045396,23
0.335341379812037,23
0.365626551142738,23
0.338576437129248,23
0.37656838612197,23
0.364948268430191,23
