"mape","daycounts"
8.01549499495197,8
8.41056935782381,8
7.87733488716404,8
9.08413789582285,8
