"mape","daycounts"
2.0290336499068,23
1.85291255435377,23
2.13130277231683,23
2.42964743142906,23
1.94274805735546,23
1.82816393633598,23
1.47456762800764,23
1.38172498248436,23
1.4843133391788,23
2.55713386124056,23
3.25977513784108,23
3.25599313322168,23
