"mape","daycounts"
0.448920875333374,21
0.100523413981599,21
0.0745416506080383,21
0.0874116751389917,21
0.124229732188476,21
0.0966086922080704,21
0.168213803457335,21
0.138500420324349,21
0.329205592634875,21
0.375284175728624,21
