"mape","daycounts"
0.784088317974271,20
0.753029981849414,20
0.675477263645746,20
0.990816652443391,20
0.748134483342456,20
0.790824524635154,20
0.564096399823537,20
0.705982529981476,20
0.462771346722425,20
1.2787346015603,20
