"mape","daycounts"
11.449876354169,38
10.9496844351367,38
9.8069904317245,38
9.62978316612498,38
10.6835345756438,38
7.27379081896939,38
7.48028092387313,38
8.67183991334167,38
8.40069328806987,38
8.28653807270218,38
8.01476772292953,38
7.41435763365068,38
7.09301445691035,38
7.97203222875985,38
7.9652927459823,38
8.44150303042617,38
13.8333312390742,38
13.1585648800411,38
14.5442770890421,38
