"mape","daycounts"
2.09700514601091,5
1.75530382608041,5
