"mape","daycounts"
1.74785114746311,22
1.98799907676145,22
1.89575881746916,22
1.93289435518425,22
1.81558894772776,22
1.82189166205357,22
1.95672715892939,22
1.62261284813973,22
1.63070014853708,22
2.35087446117775,22
2.95724485281321,22
