"mape","daycounts"
2.40858977913115,21
2.36651538654461,21
2.34880121395115,21
2.25659586820547,21
2.19542592735359,21
2.2177131064286,21
2.17799141277026,21
2.23811575190495,21
1.63534627832362,21
2.45040094672377,21
2.40633176434914,21
