"mape","daycounts"
23.5387495575641,35
25.4149931470288,35
35.4338415039408,35
29.508165865587,35
33.9553007236604,35
32.3014954384466,35
34.8935885334416,35
28.567596080688,35
36.8228861423099,35
37.8090784882808,35
32.5701095553767,35
22.2808153641573,35
28.5402794430865,35
30.4207018297092,35
25.5688676143205,35
37.4055268231725,35
36.9933870497302,35
