"mape","daycounts"
7.88305294947268,21
7.43673610658078,21
8.98353136957901,21
7.96571212601714,21
8.04263198106301,21
7.86380358741214,21
8.94519738977674,21
6.62429910899551,21
8.51198853398777,21
8.15074687923336,21
