"mape","daycounts"
7.8316064451717,22
6.74282006130661,22
6.85482719967372,22
6.96077851205139,22
7.28071316141844,22
7.12659052433569,22
6.64947476638606,22
6.63104245732282,22
6.19644693821231,22
7.27630609249835,22
6.60318442496204,22
