"mape","daycounts"
5.41632069707176,8
5.52382736168481,8
6.07025034668736,8
6.13905930736775,8
