"mape","daycounts"
1.33378474294147,14
1.22653823931719,14
0.932251950034736,14
1.02933858238829,14
0.606129899839402,14
0.856216636013867,14
0.955757981511653,14
