"mape","daycounts"
2.24979891832379,10
1.83646345599172,10
0.978374479535844,10
1.09828182058905,10
1.25415378696417,10
