"mape","daycounts"
0.405258622733494,8
0.494415483393178,8
0.379494695281132,8
0.506543827275231,8
