"mape","daycounts"
1.22453998823675,25
2.18381044733685,25
1.26938001619447,25
1.79263791816673,25
0.522455779583435,25
0.747744191612117,25
0.397792546488656,25
1.37879158235084,25
1.039441833915,25
1.17204185982276,25
0.739650930748983,25
1.06977935823512,25
