"mape","daycounts"
3.85245438951533,10
4.35038321446208,10
3.44228129143604,10
7.95564063879677,10
7.07655091842178,10
