"mape","daycounts"
0.463744884855161,21
0.393737162612505,21
0.447155388011204,21
0.416873866969385,21
0.447617401053958,21
0.423094887109881,21
0.525352948148594,21
0.425484895846309,21
0.376035186146702,21
0.376350134452461,21
