"mape","daycounts"
3.66284155405091,7
2.98158714881842,7
3.61593527770002,7
3.60205541001476,7
