"mape","daycounts"
0.491195993598926,10
0.964577668686382,10
1.22386807559505,10
0.462131045818074,10
0.869521175752519,10
