"mape","daycounts"
0.211815667787593,28
0.272773653441822,28
0.249788045375999,28
0.252383695549895,28
0.420077633468828,28
0.412629556729115,28
0.243329611670094,28
0.228107541458287,28
0.436324367852538,28
0.409892183792769,28
0.492135671308536,28
0.305931861980558,28
0.177604152447065,28
0.346126212754026,28
