"mape","daycounts"
1.99680881876368,22
1.61309225241726,22
1.47105289741474,22
1.04080948287889,22
1.13504906201605,22
1.74497490571824,22
1.40589758921198,22
1.67043757314088,22
1.2301709873436,22
1.28204732439324,22
1.10264946468613,22
