"mape","daycounts"
1.80106537834371,10
1.93409398690542,10
1.59056557441723,10
1.77860786074712,10
1.80747698730127,10
