"mape","daycounts"
1.4730098995817,45
1.49702309534544,45
1.52982638865648,45
1.54768847419138,45
1.94442712954556,45
1.42823409101658,45
1.77458649458372,45
1.62255167760709,45
1.54130247167822,45
1.68906910623172,45
1.68041555402423,45
1.57248790695832,45
1.5652477284199,45
1.5446055328226,45
1.4153245046183,45
1.83228735573853,45
1.51265051950118,45
1.57163430741104,45
1.29752695624223,45
1.4667021172013,45
1.13613730928592,45
2.28019644807471,45
