"mape","daycounts"
4.74696968517625,24
3.38029376552411,24
3.95249747043842,24
2.29782936202398,24
2.29408882281905,24
4.37677881507604,24
3.75167191559151,24
27.169011837411,24
30.8275044750219,24
34.9115526096679,24
34.3170004427623,24
37.5778645865393,24
