"mape","daycounts"
2.51269056284091,19
2.55519142583746,19
2.55250829490151,19
2.51106408821483,19
3.04203220035177,19
2.60449306933436,19
2.73241041060368,19
2.15729915994862,19
2.17564463442092,19
2.31789712115571,19
