"mape","daycounts"
6.61209935443111,23
6.38072497305041,23
6.5680885325919,23
5.91142465555419,23
6.17395863929249,23
5.86678484860825,23
5.74724413595135,23
6.47434988623382,23
6.69272751399382,23
6.4210232824052,23
8.01854450179008,23
7.91304344377768,23
