"mape","daycounts"
12.30572258587,41
11.4631000450781,41
11.3235232035105,41
19.6197159772233,41
19.0277468745655,41
12.4020045545215,41
12.4183158424578,41
11.675345585244,41
11.3517326676585,41
12.3167929040963,41
11.4747462016722,41
12.375879586306,41
12.5401481653016,41
12.1783936929318,41
12.0559527836369,41
11.9847884163113,41
12.0987639277598,41
12.6133997794752,41
15.9347481400738,41
16.4469883839447,41
