"mape","daycounts"
5.39973691121815,8
5.55445399307653,8
6.10091547261779,8
6.14930902729867,8
