"mape","daycounts"
5.80504615329319,28
6.57235457971131,28
5.64026913086972,28
5.4006928450924,28
4.60521808506198,28
5.43554271450722,28
5.34750173649564,28
5.66359617128212,28
7.63994475387674,28
6.8142439949767,28
7.39765688547704,28
6.04466322778507,28
6.17839913321157,28
5.58076990113225,28
