"mape","daycounts"
23.5432333241483,35
25.2507493813272,35
35.3101530083988,35
29.6398265923194,35
34.0873146212619,35
32.377889188174,35
35.0769051133109,35
28.7000498623426,35
36.5771869731131,35
37.6787981175864,35
32.4373432781844,35
22.2982649577499,35
28.6106514384631,35
30.6201246910442,35
25.4942983983572,35
37.1517983355931,35
36.8597626895867,35
