"mape","daycounts"
3.8099347385474,10
4.40487168304805,10
3.47720538329428,10
7.827294597184,10
6.95318552333778,10
