"mape","daycounts"
0.484806846485807,10
0.953485435072796,10
0.889034340626986,10
0.537979380047155,10
0.599376701929398,10
