"mape","daycounts"
8.02029320691866,8
8.44435232786637,8
7.84962881124654,8
8.80510584562895,8
