"mape","daycounts"
1.69400165924355,14
1.62524552783647,14
0.956186176259103,14
1.03724676546843,14
0.632288994092164,14
0.884804231072776,14
0.938862468658234,14
