"mape","daycounts"
0.427161579030645,21
0.0988958127506289,21
0.0532382931035032,21
0.0647616047975921,21
0.0914436819759454,21
0.100678854421478,21
0.16106018587175,21
0.0713786772512943,21
0.269268402732048,21
0.296215019190444,21
