"mape","daycounts"
2.34896069410695,21
2.39879670418099,21
2.29027452624181,21
2.20287218769889,21
2.19637791873767,21
2.17054297586313,21
2.11324629813002,21
2.12414163735828,21
1.7453897480111,21
2.24371840027001,21
2.18776640963183,21
