"mape","daycounts"
3.68578364019415,7
3.274131613974,7
3.83065967988475,7
3.70214425260963,7
