"mape","daycounts"
1.47608260746249,45
1.53638470957963,45
1.59652203075058,45
1.61871275377857,45
1.9595232907005,45
1.44735425205224,45
1.79758301863151,45
1.58779305717813,45
1.48951738340679,45
1.6792601638133,45
1.67441319052929,45
1.58539982378844,45
1.53579416301695,45
1.56070060277998,45
1.42903474898748,45
1.80771536307788,45
1.50001328556606,45
1.60889733700592,45
1.2908897581248,45
1.49730963502196,45
1.22147493114173,45
2.25862599259307,45
