"mape","daycounts"
2.09293430651231,5
1.74248259526067,5
