"mape","daycounts"
1.81349496981014,10
1.92346309943075,10
1.61956317426313,10
1.81993758124045,10
1.86054713355215,10
