"mape","daycounts"
11.4094840460958,38
10.9219884480997,38
9.89708753386532,38
9.64633895538242,38
10.7068284304872,38
7.29536272833212,38
7.47999951739384,38
8.64397658671858,38
8.52757551588192,38
8.33929641014467,38
8.08099553216712,38
7.47595616121999,38
7.18318424646862,38
7.96705246080261,38
7.96539332176125,38
8.42663189156766,38
13.8311658457794,38
13.0777467419431,38
14.4638726959533,38
