"mape","daycounts"
0.179988280084298,28
0.234599621455704,28
0.205936162389714,28
0.31472314349142,28
0.396620869471126,28
0.47030907216172,28
0.295179663323569,28
0.261462730025393,28
0.555946482226698,28
0.452140328116535,28
0.495139272272123,28
0.267000968969508,28
0.33227003353904,28
0.308881361773434,28
