"mape","daycounts"
0.306304418758038,23
0.297406424066043,23
0.320887041793017,23
0.331933285769407,23
0.385844328650587,23
0.317977788449664,23
0.333552742972316,23
0.364335974665869,23
0.338565646980213,23
0.377172749703673,23
0.365323034062259,23
