"mape","daycounts"
6.5497984162233,21
5.84305396074294,21
6.92916147272353,21
7.14756268368559,21
7.37497166701479,21
5.15923391658196,21
6.43278409646404,21
6.57287337079607,21
5.41511310826968,21
6.5881154788278,21
6.94700026840755,21
