"mape","daycounts"
3.85168150972598,10
4.35164780327599,10
3.44173857817229,10
7.95352654126638,10
7.0747163827573,10
