"mape","daycounts"
0.490626340168234,10
0.971834575214549,10
1.23626025328219,10
0.457095739949858,10
0.867538904535705,10
