"mape","daycounts"
8.0173351388015,8
8.41425388974908,8
7.8766787300355,8
9.07249913414013,8
