"mape","daycounts"
2.09577258988539,5
1.7560252016261,5
