"mape","daycounts"
1.33637833566527,14
1.2292158999207,14
0.932570248125709,14
1.02927536349138,14
0.606617844599115,14
0.856465366139729,14
0.955026309960211,14
