"mape","daycounts"
2.51335820480874,19
2.55538725200824,19
2.55245459046296,19
2.5117038203011,19
3.04689592175253,19
2.60430311380805,19
2.73304864211216,19
2.1584416004251,19
2.1754354509287,19
2.31747606851578,19
