"mape","daycounts"
1.4724978815256,45
1.49638893084314,45
1.53116388763922,45
1.54706843012523,45
1.94473351638733,45
1.42829644327323,45
1.77541689785645,45
1.62340451062439,45
1.54160644547397,45
1.6885665528469,45
1.68026292921106,45
1.57346927024336,45
1.56439511246739,45
1.54460631892189,45
1.41443491109191,45
1.83281460058728,45
1.51352796025347,45
1.57188133797952,45
1.2972837513548,45
1.46689280171678,45
1.13601652138167,45
2.2791527693221,45
