"mape","daycounts"
12.3056102736837,41
11.4632499623048,41
11.3240478748901,41
19.6180522420931,41
19.0254252711352,41
12.4016071232233,41
12.4195032744959,41
11.6809600484241,41
11.3520411219523,41
12.3170285352362,41
11.4760246697262,41
12.3761125960608,41
12.5397697533221,41
12.1773883587857,41
12.055947866423,41
11.9847500146102,41
12.0983164543135,41
12.6142881853818,41
15.9336908439964,41
16.4463029562373,41
