"mape","daycounts"
0.784040703835915,20
0.752732899293586,20
0.675951042180485,20
0.990903793851189,20
0.748147631524223,20
0.790861662034215,20
0.563737482492987,20
0.705582218764285,20
0.463573467309702,20
1.27871250517688,20
