"mape","daycounts"
3.66229277393167,7
2.98046096274496,7
3.61505841261301,7
3.60181269011323,7
