"mape","daycounts"
2.23276689743564,10
1.82204285643221,10
0.978455485986096,10
1.09685240566022,10
1.2537964101055,10
