"mape","daycounts"
4.7469932328803,24
3.38026962350243,24
3.95256303963224,24
2.29781448430769,24
2.29411580778218,24
4.37673818841293,24
3.7516373139112,24
27.1663103127518,24
30.8251138406254,24
34.9085094541343,24
34.3148647847092,24
37.5807636283602,24
