"mape","daycounts"
1.99690651191486,22
1.61463549876388,22
1.47075853142444,22
1.04058287907126,22
1.13495317957209,22
1.74508195661408,22
1.40636510959086,22
1.67046082314359,22
1.23039684179574,22
1.28201611568737,22
1.10268188855986,22
