"mape","daycounts"
1.74765209340773,22
1.9879936502605,22
1.89577144044395,22
1.93292065035327,22
1.81556187629703,22
1.82173999980991,22
1.95690748563976,22
1.62237361357392,22
1.63026536594409,22
2.35088706578582,22
2.95725727506741,22
