"mape","daycounts"
0.211948400090748,28
0.272447566871906,28
0.249789798366082,28
0.251660936272757,28
0.420258025677991,28
0.412579190373123,28
0.243269928671828,28
0.228105483684788,28
0.436316813764125,28
0.409906047474909,28
0.492162427181723,28
0.306031665001074,28
0.177987887073936,28
0.346191277447061,28
