"mape","daycounts"
0.449064824730822,21
0.100732653991554,21
0.0748159995812489,21
0.0883479057510932,21
0.125106704938687,21
0.0968050765827214,21
0.168215052332195,21
0.139387516786059,21
0.329032600614739,21
0.375418546699503,21
