"mape","daycounts"
0.405456766939317,8
0.494860139729709,8
0.379879210259285,8
0.505328797543207,8
