"mape","daycounts"
7.83087951498865,22
6.74291253493817,22
6.85500010251412,22
6.96109476407661,22
7.28039243848007,22
7.1265050493845,22
6.64934855011701,22
6.63112519413262,22
6.19637113324418,22
7.27671762519,22
6.60288321670997,22
