"mape","daycounts"
0.463775061004307,21
0.395812285593089,21
0.448427616793836,21
0.417812931067103,21
0.448326935365901,21
0.422107401164943,21
0.524302177475615,21
0.422882380149918,21
0.377279433224527,21
0.376632236159299,21
