"mape","daycounts"
2.40859280404207,21
2.36644958568931,21
2.34885840426453,21
2.25660236163378,21
2.19547800956153,21
2.21782879219537,21
2.17798852766397,21
2.23806608611037,21
1.63539397626083,21
2.45034734887235,21
2.40623161819873,21
