"mape","daycounts"
6.91361324631349,25
7.90668043199474,25
8.63498325402704,25
8.65853175479736,25
8.91534393622751,25
8.39722754671643,25
8.70578558702396,25
8.27269765838462,25
8.96590255718517,25
7.61228268793348,25
7.56795036957625,25
8.695099402259,25
10.033594344083,25
