"mape","daycounts"
5.41622933906197,8
5.52371027258458,8
6.07011275242652,8
6.13898403541184,8
