"mape","daycounts"
23.5404812024095,35
25.4184034889194,35
35.4412691926211,35
29.5165114972733,35
33.9570688261549,35
32.3056178559861,35
34.8951207559287,35
28.570570059736,35
36.8252209293501,35
37.8129978700753,35
32.5737363479067,35
22.2831936960183,35
28.5404787551254,35
30.4205872129965,35
25.5720598881898,35
37.4068771444352,35
36.994427000107,35
