"mape","daycounts"
7.88329708890944,21
7.43651855175758,21
8.98386220793266,21
7.9683332846677,21
8.04284444051978,21
7.86320066439712,21
8.9456379931552,21
6.62398566090664,21
8.5133467450256,21
8.15194295670542,21
