"mape","daycounts"
1.80043723204124,10
1.93334756452085,10
1.59022131408437,10
1.77819804839401,10
1.80746244742548,10
