"mape","daycounts"
2.02900030324225,23
1.85239298178377,23
2.13207434592393,23
2.429940678699,23
1.94273278468614,23
1.82758861286431,23
1.47469751331596,23
1.38178660225219,23
1.48432774488995,23
2.55800641247532,23
3.25957515728328,23
3.2556675942824,23
