"mape","daycounts"
1.22358516517092,25
2.18392256311852,25
1.26962335576643,25
1.79636992656957,25
0.52286208911162,25
0.74819379197094,25
0.39820454942215,25
1.38224520035566,25
1.03957747340959,25
1.17186578989017,25
0.739868101799383,25
1.06964004650807,25
