"mape","daycounts"
11.4510472935079,38
10.9495845140894,38
9.80655665569937,38
9.62951098683851,38
10.6837311350694,38
7.27339803073793,38
7.48046334950583,38
8.67215121965664,38
8.39624271152082,38
8.28643558511838,38
8.01356539269406,38
7.414422265803,38
7.09070588905879,38
7.97188396479624,38
7.96549587710272,38
8.44156199567301,38
13.8332189031172,38
13.1578420392488,38
14.544451308402,38
