"mape","daycounts"
5.74569572633855,28
6.53985060418309,28
5.56137032525761,28
5.29308215323635,28
4.5071488879223,28
5.33267467548731,28
5.34205400489969,28
5.67297902719436,28
7.70406846090114,28
6.7984388159694,28
7.39246592499567,28
6.0018769775703,28
6.16041314057754,28
5.51893052530959,28
