"mape","daycounts"
1.22610635595977,25
2.18235781793939,25
1.26831608766545,25
1.78401143950579,25
0.522794276575859,25
0.746894977076077,25
0.397837729114979,25
1.37422002639354,25
1.03893537527375,25
1.17238931652583,25
0.737912581499567,25
1.07003985292562,25
