"mape","daycounts"
1.7466382823884,22
1.98707568210424,22
1.89263164574831,22
1.93108039713085,22
1.81695782966607,22
1.81799283256503,22
1.95279160284938,22
1.62389150552711,22
1.62857408293617,22
2.35309707922106,22
2.9601772487261,22
