"mape","daycounts"
2.02892891986811,23
1.8523725052828,23
2.13168117192688,23
2.4301371327263,23
1.94284952676348,23
1.82774870833015,23
1.47474580458974,23
1.38194770337869,23
1.48441922813283,23
2.55790394053896,23
3.25985318767454,23
3.25593156239111,23
