"mape","daycounts"
0.30629866175757,23
0.297380645977989,23
0.320790045129693,23
0.33178447262348,23
0.38553224123337,23
0.317988902617676,23
0.333673362883041,23
0.364353859904132,23
0.338768688896659,23
0.376823218743469,23
0.365387593609879,23
