"mape","daycounts"
3.85147195127367,10
4.35073184010116,10
3.43998368695746,10
7.95281086980892,10
7.07414436200963,10
