"mape","daycounts"
6.55241534469956,21
5.84254187632346,21
6.91979977653814,21
7.14709690498835,21
7.37754932019348,21
5.15861997608079,21
6.43530285824625,21
6.5744871228019,21
5.41723273349842,21
6.5866656897176,21
6.94766888613405,21
