"mape","daycounts"
2.09605709089268,5
1.75606695646497,5
