"mape","daycounts"
8.0174026673652,8
8.41428788535669,8
7.87649344401317,8
9.07258849454291,8
