"mape","daycounts"
11.4511547639538,38
10.9450663383667,38
9.80704096274719,38
9.62987843427718,38
10.6832158920972,38
7.27288488838506,38
7.48143352238768,38
8.672012517796,38
8.3951964779369,38
8.28736392681425,38
8.01414447337578,38
7.41504771253279,38
7.09111468219018,38
7.97204799712921,38
7.96626154138838,38
8.44256710274239,38
13.8343741163656,38
13.1564535771393,38
14.5423760343565,38
