"mape","daycounts"
0.463915208997999,21
0.395961181760669,21
0.448746846856125,21
0.417853185550901,21
0.448911869616105,21
0.42102813971359,21
0.523179423461651,21
0.424289287968901,21
0.378561570390105,21
0.376568506393205,21
