"mape","daycounts"
0.462089251587219,10
0.972937784170667,10
1.26803202030734,10
0.456330016355195,10
0.855802780252096,10
