"mape","daycounts"
2.51549247125638,19
2.5563668023922,19
2.55210677170907,19
2.51055875366007,19
3.04813181543624,19
2.60441170275265,19
2.73293264903043,19
2.157605176223,19
2.17398488957522,19
2.31621524524006,19
