"mape","daycounts"
23.5406737689192,35
25.418284205038,35
35.4416721935495,35
29.5150189964877,35
33.956563953714,35
32.3051175733939,35
34.8953737888918,35
28.5709385135974,35
36.8251040413722,35
37.8129851901707,35
32.5738351465635,35
22.2832117770003,35
28.5405102949286,35
30.4206869838467,35
25.5725342756748,35
37.407035982656,35
36.9946857332623,35
