"mape","daycounts"
12.304191658865,41
11.4625245725646,41
11.3229784010159,41
19.621689778158,41
19.029806833555,41
12.4025063001095,41
12.4189688076525,41
11.6886408567294,41
11.3494283434085,41
12.3167384425999,41
11.4757362986888,41
12.3867017465956,41
12.5400659705536,41
12.176715112532,41
12.0566873493726,41
11.9846522266747,41
12.0995277429416,41
12.6160927208779,41
15.9355758878049,41
16.4489695975688,41
