"mape","daycounts"
0.783509630848057,20
0.752599783731395,20
0.675945263293643,20
0.991111782673418,20
0.748296264515027,20
0.791077555286331,20
0.563892291442013,20
0.705330989636508,20
0.463412086186574,20
1.2793025298302,20
