"mape","daycounts"
1.8006466024309,10
1.9300091682126,10
1.58378043512457,10
1.77595981129012,10
1.8044417960883,10
