"mape","daycounts"
5.41626121497231,8
5.52133761828911,8
6.07014189579139,8
6.13954572423095,8
