"mape","daycounts"
1.47320479500157,45
1.49639391660082,45
1.53173595521191,45
1.54671638633519,45
1.94540091614842,45
1.42859859371839,45
1.7757812299047,45
1.62366199777485,45
1.54194499994649,45
1.68876796868111,45
1.67763359537544,45
1.5730870202657,45
1.56401294661631,45
1.5444043212382,45
1.41395275921136,45
1.83306274567149,45
1.51406805474465,45
1.57227259737969,45
1.29689265401136,45
1.46792548180383,45
1.13548791640937,45
2.27645314213545,45
