"mape","daycounts"
4.74703815093064,24
3.38022453660239,24
3.95263619237794,24
2.2977758047883,24
2.29411567428038,24
4.37662380986143,24
3.75153057548706,24
27.1594256881615,24
30.82571218653,24
34.9094545211216,24
34.3149436213507,24
37.5839027884711,24
