"mape","daycounts"
2.40861481510477,21
2.36644164501857,21
2.34887333643283,21
2.25660255305155,21
2.19546790277116,21
2.21786294085719,21
2.17799623376169,21
2.23805874827226,21
1.63539413471006,21
2.45034743587217,21
2.40623737037958,21
