"mape","daycounts"
2.2773518637326,10
1.86058150298226,10
0.982624617269757,10
1.09967674115101,10
1.25396854688046,10
