"mape","daycounts"
0.450702534582879,21
0.100643854377301,21
0.0748125492775408,21
0.0886953422038949,21
0.12512446612066,21
0.0960954485278706,21
0.168534696014086,21
0.139376494295104,21
0.328238122629992,21
0.375503369601404,21
