"mape","daycounts"
6.91393276201874,25
7.9067356021396,25
8.63482080188239,25
8.65822652661199,25
8.91542756552413,25
8.39743782024603,25
8.70528252494776,25
8.27277359283914,25
8.96602202046444,25
7.61215112370348,25
7.56798410023911,25
8.69553693734611,25
10.0336978214481,25
