"mape","daycounts"
6.61177637611007,23
6.38054245069989,23
6.56420539583256,23
5.91257642829148,23
6.17303110671711,23
5.86793616764778,23
5.74723214262612,23
6.47480461785067,23
6.69270334594637,23
6.42029894977711,23
8.01704742402772,23
7.9113400251531,23
