"mape","daycounts"
0.210354680199798,28
0.273336597978348,28
0.25021573740544,28
0.251949684672905,28
0.419507173635105,28
0.41231110652123,28
0.243927896442436,28
0.228725150522729,28
0.435408009872219,28
0.409754411643241,28
0.491636961242958,28
0.306118019002829,28
0.178029080925351,28
0.34674692026513,28
