"mape","daycounts"
1.33566738685024,14
1.2285125180706,14
0.932595038509135,14
1.02903371985031,14
0.606384759167359,14
0.856350469310435,14
0.955253478200966,14
