"mape","daycounts"
3.65792096312893,7
2.97981993295879,7
3.61993063207158,7
3.60495893527603,7
