"mape","daycounts"
7.82956181546428,22
6.74325108214946,22
6.85596277547083,22
6.96147557836224,22
7.28136191713937,22
7.12796195065595,22
6.65033245371808,22
6.63172266455519,22
6.19651359593648,22
7.27748395105288,22
6.6055144766185,22
