"mape","daycounts"
0.405216995022591,8
0.492661236443005,8
0.375986140852556,8
0.503505676177546,8
