"mape","daycounts"
0.305516053796164,23
0.297103216515544,23
0.321626261675745,23
0.331466818109501,23
0.385401515677822,23
0.317985084061261,23
0.33336787786075,23
0.363972011401224,23
0.337320280842751,23
0.376707792593387,23
0.365481658464456,23
