"mape","daycounts"
6.55279378825483,21
5.84263790900149,21
6.92467512632194,21
7.14703523907765,21
7.37765924519271,21
5.15823480308299,21
6.4347746716596,21
6.57360302372542,21
5.41771178599723,21
6.58659104154018,21
6.94760248106809,21
