"mape","daycounts"
0.460546950689294,10
0.975388850751006,10
1.26587178699434,10
0.453449669112559,10
0.849235280866205,10
