"mape","daycounts"
0.464456262828156,21
0.396669604755415,21
0.448842837402599,21
0.417900305035551,21
0.448962825612767,21
0.421307700198512,21
0.523284852987008,21
0.424379628487474,21
0.378727412022984,21
0.375539311972279,21
