"mape","daycounts"
2.40907056870627,21
2.36571047142556,21
2.34862730441087,21
2.25729949410972,21
2.19636922701022,21
2.21859545948967,21
2.17839865709754,21
2.23887102134918,21
1.63490171512407,21
2.45112081469581,21
2.4071153492662,21
