"mape","daycounts"
4.74750404502688,24
3.38060366030526,24
3.95286694308118,24
2.2978335691017,24
2.29423533508302,24
4.37622901454858,24
3.75120390224692,24
27.1683765169344,24
30.8213944422722,24
34.8995993949698,24
34.3125084712411,24
37.5788022661073,24
