"mape","daycounts"
1.34569243698645,14
1.23996047199975,14
0.932069782511797,14
1.02745359934565,14
0.604862279050334,14
0.856280962696694,14
0.956146934042228,14
