"mape","daycounts"
1.47363241344565,45
1.49735862949234,45
1.5327196038512,45
1.54696225505685,45
1.94621138535146,45
1.42843524104873,45
1.77481664492635,45
1.62312480120633,45
1.5404168145494,45
1.68900776201346,45
1.6783146007304,45
1.57341215613838,45
1.56403658738314,45
1.54352776136621,45
1.41439877959155,45
1.83232510139299,45
1.51333206072344,45
1.57214380994638,45
1.29531828114697,45
1.46706874471362,45
1.13685273945834,45
2.27718810782749,45
