"mape","daycounts"
5.41619360001859,8
5.52150882247165,8
6.07041832596805,8
6.13977007494212,8
