"mape","daycounts"
1.80101423800248,10
1.93035933827756,10
1.58418984567603,10
1.77622528952336,10
1.80468582482505,10
