"mape","daycounts"
7.82989335205849,22
6.74329047934952,22
6.85594159895933,22
6.96105475057215,22
7.28121100928982,22
7.12745257566419,22
6.65017971473959,22
6.63204928995857,22
6.19644127639764,22
7.27690694078587,22
6.60468534948503,22
