"mape","daycounts"
3.65593685213583,7
2.98023110440448,7
3.62176594909428,7
3.60619552306441,7
