"mape","daycounts"
0.450338870861716,21
0.102054559253656,21
0.0754373718698468,21
0.0886399665473426,21
0.124997291251174,21
0.0924394877689967,21
0.168856778378584,21
0.139547517856366,21
0.32844485831059,21
0.375519021368368,21
