"mape","daycounts"
2.09574217548556,5
1.75579392464981,5
