"mape","daycounts"
2.0289893214172,23
1.85263299116825,23
2.13181013093877,23
2.42919103786755,23
1.94285599676318,23
1.82779801657977,23
1.47462360454195,23
1.38186721432914,23
1.48433010905452,23
2.55766727620158,23
3.25875463499862,23
3.25529042750075,23
