"mape","daycounts"
2.27446467822132,10
1.85892709920963,10
0.983611637826138,10
1.1001363522496,10
1.25483871900269,10
