"mape","daycounts"
6.61141244509351,23
6.38092601593296,23
6.56675850588843,23
5.91156352391483,23
6.17328264487838,23
5.8693955026066,23
5.74768622969069,23
6.47515021349768,23
6.6936330343778,23
6.42043106719339,23
8.01684838387131,23
7.91157927728888,23
