"mape","daycounts"
0.782975132944597,20
0.753231956748065,20
0.675400137318226,20
0.991203429166189,20
0.748170353074682,20
0.791553562150768,20
0.564414094821824,20
0.705502793411857,20
0.462621307773632,20
1.27874953816185,20
