"mape","daycounts"
8.01827056474354,8
8.41439537450134,8
7.875978922876,8
9.06478436213837,8
