"mape","daycounts"
0.400644136807698,8
0.492746657644125,8
0.374112634428374,8
0.503976878638365,8
