"mape","daycounts"
5.74566499989937,28
6.53985641216772,28
5.56130504092402,28
5.29307670046387,28
4.50710472916403,28
5.33273948447296,28
5.34174672510477,28
5.67258164341158,28
7.70499375725851,28
6.79897958679967,28
7.3922473355921,28
6.00185326980392,28
6.16021616675427,28
5.51908942865341,28
