"mape","daycounts"
1.22604188630628,25
2.18331895185904,25
1.27165770305381,25
1.78554030869239,25
0.522920417096603,25
0.747459451039388,25
0.398080446012496,25
1.37613876880879,25
1.03968154719193,25
1.1729252125163,25
0.737674603954604,25
1.0698419848763,25
