"mape","daycounts"
23.5412929122025,35
25.4195912501668,35
35.4427636161627,35
29.5149381992516,35
33.9579653684533,35
32.3067967646559,35
34.8952778465954,35
28.5686784724802,35
36.8265823404095,35
37.8125063631084,35
32.5767318054227,35
22.2833617006866,35
28.5410969921909,35
30.4195601387887,35
25.5693453934388,35
37.4010937435861,35
36.9934103520517,35
