"mape","daycounts"
12.306004857941,41
11.4625415591813,41
11.3229537831445,41
19.6183272134896,41
19.0267093676783,41
12.4038924144212,41
12.4186695665441,41
11.6809313438755,41
11.348252675354,41
12.3173973451715,41
11.4760471891823,41
12.3735349852947,41
12.5418283196436,41
12.1775404366924,41
12.0581113918552,41
11.9857662030363,41
12.1033968719614,41
12.6152051292923,41
15.9356437291905,41
16.4486160485057,41
