"mape","daycounts"
3.85270223473073,10
4.34942605015473,10
3.4356599545257,10
7.95508619048262,10
7.07607252505566,10
