"mape","daycounts"
2.51540854458352,19
2.5565170793944,19
2.55210887273795,19
2.5105455725672,19
3.04867468756319,19
2.60438233141707,19
2.7329138439484,19
2.15757722626465,19
2.17391088917913,19
2.31609415694993,19
