"mape","daycounts"
11.4526740038307,38
10.9461662515526,38
9.80642207484105,38
9.62850782110013,38
10.6848816669061,38
7.27186563887514,38
7.48254177265696,38
8.67420295149234,38
8.39763539224702,38
8.28538189314462,38
8.01175389736564,38
7.4146308818523,38
7.08913100788189,38
7.97152359153697,38
7.96520809726749,38
8.44325916578922,38
13.8305753654347,38
13.1588772434455,38
14.5472682647777,38
