"mape","daycounts"
7.88336343856786,21
7.43674171677436,21
8.9841101164879,21
7.96716448926413,21
8.04286019940495,21
7.86326885970237,21
8.94560355523773,21
6.62405668568298,21
8.5134025645946,21
8.15211431529085,21
