"mape","daycounts"
0.209636473621171,28
0.27367231451308,28
0.251365012456286,28
0.252343945062417,28
0.41984666141682,28
0.412078984336302,28
0.243881241970901,28
0.228647437014459,28
0.43559986017081,28
0.409793011615356,28
0.491705092686787,28
0.306452700206595,28
0.1737856056828,28
0.34714933157169,28
