"mape","daycounts"
1.47424194782906,45
1.49908716641891,45
1.53602711661804,45
1.5487365306069,45
1.94293122374653,45
1.42719212005311,45
1.77841341650117,45
1.62176363967993,45
1.53865437881214,45
1.68805674354018,45
1.67523325984912,45
1.57144948807448,45
1.56458851099283,45
1.54469039850821,45
1.41641616984097,45
1.83107906088213,45
1.51073144045807,45
1.57282605424807,45
1.29526750030866,45
1.46710066533713,45
1.13946923374381,45
2.27443262033692,45
