"mape","daycounts"
2.09563076425199,5
1.7560274007124,5
