"mape","daycounts"
4.74816194570838,24
3.38092993596714,24
3.95315719400287,24
2.296752702468,24
2.29421894301333,24
4.3752098989078,24
3.75005163076953,24
27.168863878008,24
30.8190327845095,24
34.891307380057,24
34.3082849399146,24
37.57207310285,24
