"mape","daycounts"
2.52013437253295,19
2.55660917551612,19
2.55196872271638,19
2.51090020547586,19
3.04678943904846,19
2.60439697889807,19
2.73336447326169,19
2.15723769104221,19
2.17370479145325,19
2.31568863766455,19
