"mape","daycounts"
5.41718799742009,8
5.52280085880376,8
6.07159264918718,8
6.14092628377495,8
