"mape","daycounts"
1.34639163543717,14
1.24125876294959,14
0.932530235955835,14
1.02777728419975,14
0.605377130941878,14
0.856440243845463,14
0.956013457787429,14
