"mape","daycounts"
0.464652715904949,21
0.395336102190495,21
0.448486817791403,21
0.417891970630047,21
0.449071673783831,21
0.421457663557969,21
0.524149093950108,21
0.421377521691721,21
0.378665477867089,21
0.375534741769396,21
