"mape","daycounts"
7.88358345896116,21
7.43665301053186,21
8.98409911374259,21
7.96898887317823,21
8.04320353541152,21
7.86309709156868,21
8.94629468805529,21
6.62370123104074,21
8.51378003526863,21
8.15222867332874,21
