"mape","daycounts"
8.0173336622669,8
8.41677787313443,8
7.87353443581538,8
9.06102780243224,8
