"mape","daycounts"
2.40919543993838,21
2.36545333068416,21
2.34864205545312,21
2.25734225390415,21
2.19622650158695,21
2.21849675202607,21
2.17870477971414,21
2.23933723379366,21
1.63452008679966,21
2.45145098626158,21
2.40741751321921,21
