"mape","daycounts"
0.305690994214011,23
0.298084213704035,23
0.322110586113389,23
0.332011672718367,23
0.385363659150092,23
0.318750833773632,23
0.333680371920233,23
0.362394265499367,23
0.338377103352406,23
0.376621054371288,23
0.364602821014367,23
