"mape","daycounts"
3.65895422570264,7
2.99114451448352,7
3.62774242287039,7
3.60819525272357,7
