"mape","daycounts"
0.460818929914177,10
0.977069214735833,10
1.26459867498543,10
0.454196967102268,10
0.863039330185445,10
