"mape","daycounts"
6.61119890443799,23
6.38039489093695,23
6.56658142898296,23
5.91097362172598,23
6.17330889129496,23
5.86939701671922,23
5.74800740986825,23
6.47534321662715,23
6.69342394455727,23
6.42012069282774,23
8.01765784213781,23
7.9120274730846,23
