"mape","daycounts"
6.91597175293789,25
7.9083452175537,25
8.63671250231693,25
8.65873932351045,25
8.91524630922443,25
8.40323609329505,25
8.70716275848855,25
8.2756702441661,25
8.96617187255435,25
7.60167194928742,25
7.56998306257774,25
8.6979926381394,25
10.034470701375,25
