"mape","daycounts"
1.22632871448831,25
2.18396036077729,25
1.27358024497346,25
1.78941410077336,25
0.521780507066721,25
0.746853682120247,25
0.397931378880962,25
1.38096443029886,25
1.0395485475365,25
1.17274979456335,25
0.737719439063665,25
1.07006424280523,25
