"mape","daycounts"
0.209932968031707,28
0.273645886334962,28
0.251324684473785,28
0.252742926960374,28
0.419873873506676,28
0.412092947363446,28
0.243891879469965,28
0.22929870261841,28
0.435561239707888,28
0.409792319909051,28
0.491708505311782,28
0.306181519964344,28
0.172443671785843,28
0.347044954710572,28
