"mape","daycounts"
0.399934627720964,8
0.492690658299038,8
0.374490060112068,8
0.504519809064779,8
