"mape","daycounts"
23.5418539219094,35
25.4196820653859,35
35.444484069736,35
29.5156668148793,35
33.9582985048335,35
32.306934932536,35
34.8953050564135,35
28.5686508930536,35
36.8271926771353,35
37.8129470209664,35
32.5771081427382,35
22.2835848884466,35
28.540937441664,35
30.4192648000061,35
25.5696430952566,35
37.401203698071,35
36.9931791286623,35
