"mape","daycounts"
12.305942203914,41
11.4632005316761,41
11.3228895393033,41
19.6184788238078,41
19.0263520638127,41
12.4041467594188,41
12.4184911464983,41
11.6782026359162,41
11.3482790706729,41
12.3178515720447,41
11.476258553376,41
12.3716515520192,41
12.5418441328934,41
12.1774093829371,41
12.0576150057621,41
11.9859062845199,41
12.1032069316887,41
12.6151933374074,41
15.9355549212337,41
16.4483808983505,41
