"mape","daycounts"
0.451373448941259,21
0.101650096602315,21
0.075598397245643,21
0.0892531130072834,21
0.124465173413607,21
0.0906736047556046,21
0.168147421635422,21
0.140847833487882,21
0.328248875078636,21
0.3760941493406,21
