"mape","daycounts"
1.99843903226485,22
1.61355022074052,22
1.47039877541591,22
1.04268053076956,22
1.13673150083053,22
1.74537199023598,22
1.40535838029604,22
1.67141311489813,22
1.22992387071372,22
1.28025426155296,22
1.10132082029055,22
