"mape","daycounts"
2.02898725193482,23
1.85239791803735,23
2.13240473371427,23
2.43568243689704,23
1.9414357351937,23
1.82704101503774,23
1.47431976199039,23
1.38138981878048,23
1.48332281011298,23
2.55818217894636,23
3.25968878320946,23
3.25556730168798,23
