"mape","daycounts"
5.74584951709202,28
6.53995076535412,28
5.56186506910455,28
5.29354494779622,28
4.50744950514542,28
5.33281290365016,28
5.34163663189489,28
5.67230858724656,28
7.7037777182457,28
6.79899162308784,28
7.39217475468889,28
6.00214612522251,28
6.1602570484808,28
5.51951469232605,28
