"mape","daycounts"
6.55285328379188,21
5.84237589485825,21
6.92689021267526,21
7.14635269394142,21
7.37729076735118,21
5.1573660865904,21
6.43464109990918,21
6.57321575019892,21
5.4175586001468,21
6.58652615159555,21
6.94688196334634,21
