"mape","daycounts"
1.80114005735899,10
1.92861195421471,10
1.58123698724942,10
1.77536395121963,10
1.80369134863636,10
