"mape","daycounts"
0.78315211030827,20
0.753241212519113,20
0.674967157839947,20
0.991181811008427,20
0.748828028512642,20
0.791644487518946,20
0.564464416363919,20
0.705317500942442,20
0.462910016749578,20
1.27874398412796,20
