"mape","daycounts"
2.25262044274817,10
1.83929962872492,10
0.985227269848994,10
1.10202301166392,10
1.25505402503225,10
