"mape","daycounts"
3.85328297519877,10
4.34959820382285,10
3.43557160124815,10
7.9567330855237,10
7.0777513945848,10
