"mape","daycounts"
1.99851507508707,22
1.6137070024318,22
1.4705465588445,22
1.04323155083155,22
1.13670308221551,22
1.74568087567451,22
1.40549098013141,22
1.67131788464129,22
1.23024383381831,22
1.28071609869253,22
1.10174922813525,22
