"mape","daycounts"
2.52368896243433,19
2.55622456805809,19
2.55190303160193,19
2.50935935554924,19
3.04952314646182,19
2.60311128664539,19
2.73507232846284,19
2.15722062263371,19
2.17273495396344,19
2.31649013405075,19
