"mape","daycounts"
23.5409738355574,35
25.4207485479648,35
35.4477533356497,35
29.5145497601333,35
33.9571680083812,35
32.3059838728186,35
34.8945623419979,35
28.5687395378475,35
36.8275591352669,35
37.8128677207743,35
32.5778644277693,35
22.2821214103085,35
28.5398966195438,35
30.4181357589747,35
25.5685257165888,35
37.4007532139728,35
36.9930992495808,35
