"mape","daycounts"
2.09279314813569,5
1.75060469582298,5
