"mape","daycounts"
0.304938707847356,23
0.297031946381425,23
0.321883690603018,23
0.331902927867173,23
0.386143698693537,23
0.318250285996228,23
0.333466126796661,23
0.362482191694011,23
0.336972378883808,23
0.376438959895466,23
0.364479936126822,23
