"mape","daycounts"
0.451614107781698,21
0.103147880118903,21
0.0750206518514011,21
0.0892787655169294,21
0.123930746429838,21
0.0906864933613381,21
0.167776336292603,21
0.139489846109795,21
0.328172095385979,21
0.375783027082725,21
