"mape","daycounts"
2.40930313407403,21
2.36505892889454,21
2.34884357515297,21
2.25737238752802,21
2.19621206092255,21
2.2186842764935,21
2.17886679235005,21
2.23930456567939,21
1.6346477661719,21
2.45134208393988,21
2.40735790858112,21
