"mape","daycounts"
1.22662193259195,25
2.18188343703106,25
1.27320945872281,25
1.78963854502685,25
0.521708895157206,25
0.746777763483155,25
0.398933110293145,25
1.38811809550384,25
1.0392719022955,25
1.17168726550009,25
0.737783244419329,25
1.06990229483278,25
