"mape","daycounts"
0.399890654218628,8
0.493324202122033,8
0.379145544461815,8
0.505056835138763,8
