"mape","daycounts"
12.3055383912291,41
11.4628985699448,41
11.3232736797236,41
19.6124389974166,41
19.0222827672492,41
12.4043950611633,41
12.4185352049993,41
11.6789598709062,41
11.3474089559807,41
12.3169391780691,41
11.474722730426,41
12.369636934991,41
12.5414618169356,41
12.1773100181528,41
12.0583791420192,41
11.9866093312942,41
12.1040063434821,41
12.6134836646384,41
15.9346701706067,41
16.447719414539,41
