"mape","daycounts"
1.35136703508929,14
1.24665435804892,14
0.932759934677315,14
1.02820203898356,14
0.605826892087957,14
0.85726466610527,14
0.956064282710583,14
