"mape","daycounts"
2.25680516499643,10
1.85176893253104,10
0.994086776546915,10
1.10280802343588,10
1.25712137161296,10
