"mape","daycounts"
0.209490832385071,28
0.273040125167352,28
0.249986298434502,28
0.248374501749015,28
0.419380975138444,28
0.412067145261858,28
0.243952188291726,28
0.228702540772287,28
0.435680324521755,28
0.409893185536503,28
0.491969205942592,28
0.304444911450669,28
0.172252577542264,28
0.346478471720895,28
