"mape","daycounts"
11.4442718345856,38
10.9494703029178,38
9.81116413939483,38
9.62952073635214,38
10.6939335275188,38
7.27080776103374,38
7.49394054667785,38
8.6744336298601,38
8.39809349520052,38
8.28405342610491,38
8.0175383927597,38
7.41581870537192,38
7.09465607411277,38
7.97613359934191,38
7.96360403652165,38
8.4444610339791,38
13.8318690850893,38
13.1530694478338,38
14.5303530739555,38
