"mape","daycounts"
0.448577554658604,10
0.981268421828739,10
1.26454573376001,10
0.458829366860044,10
0.874228185623021,10
