"mape","daycounts"
1.74814011516096,22
1.98380961396054,22
1.88743357515397,22
1.92767381180608,22
1.81096421807906,22
1.81283208405276,22
1.94430442729473,22
1.62455310251245,22
1.63146794790241,22
2.3546422009475,22
2.95846462686342,22
