"mape","daycounts"
1.47286717461714,45
1.49940948914681,45
1.5348768664787,45
1.5483618814549,45
1.94267853792498,45
1.42621143465148,45
1.77929196569606,45
1.62231552306517,45
1.53952083459103,45
1.68784230460925,45
1.67571276327204,45
1.57082581218429,45
1.5654212345096,45
1.54472617660205,45
1.41655755947433,45
1.83095865306257,45
1.51000590965473,45
1.57322275515603,45
1.29500699156552,45
1.46700728039266,45
1.13996818477894,45
2.2743883221494,45
