"mape","daycounts"
5.74556445705003,28
6.53902121107449,28
5.55979928836707,28
5.29235444989101,28
4.50585901006489,28
5.33198279173145,28
5.3414092173941,28
5.67116631233055,28
7.7061408595558,28
6.80387895717033,28
7.39406004360811,28
6.00301606482145,28
6.16196094476892,28
5.5202007763983,28
