"mape","daycounts"
5.41725444536758,8
5.52264762435075,8
6.07157366022099,8
6.14091092434279,8
