"mape","daycounts"
6.61149272299217,23
6.38038669644606,23
6.56682491326641,23
5.9107943903994,23
6.17345922063122,23
5.86948664879344,23
5.74801986327231,23
6.47550792323397,23
6.69331983999815,23
6.4199543304617,23
8.01738322732465,23
7.91189139354564,23
