"mape","daycounts"
8.01807120069539,8
8.41704514692112,8
7.87309521647216,8
9.06005699098291,8
