"mape","daycounts"
3.85342649175994,10
4.34999098115992,10
3.43555014225203,10
7.95719138526827,10
7.07810454084539,10
