"mape","daycounts"
6.55329916432825,21
5.84244148508274,21
6.95791868653586,21
7.14656836408677,21
7.37622802336721,21
5.15633428387154,21
6.43465380724148,21
6.573166044959,21
5.41863206209954,21
6.58707369635835,21
6.94785861029079,21
