"mape","daycounts"
0.783009302946002,20
0.753735224984721,20
0.675832743038011,20
0.991190882174344,20
0.748596675819212,20
0.791201514742494,20
0.564179130780265,20
0.704523012177141,20
0.463640004865305,20
1.27624069407588,20
