"mape","daycounts"
3.65807828701634,7
2.99010029274378,7
3.62720009130248,7
3.60718361805723,7
