"mape","daycounts"
2.02935470728435,23
1.85294456247679,23
2.13269604757047,23
2.431823747258,23
1.94200592547444,23
1.82779794112655,23
1.47412530562071,23
1.38168300935598,23
1.48373586536484,23
2.5585316748439,23
3.26004762885229,23
3.25584547246857,23
