"mape","daycounts"
1.80046969936915,10
1.92792748621944,10
1.58234566493643,10
1.77567013622276,10
1.80365868317883,10
