"mape","daycounts"
4.74722585463958,24
3.38045886828831,24
3.95195420740936,24
2.29649486427966,24
2.29432420567068,24
4.37462376218032,24
3.74892948613698,24
27.1587025564989,24
30.8114830180286,24
34.8970088477702,24
34.302947567167,24
37.572842378389,24
