"mape","daycounts"
6.91597458121222,25
7.90834214791696,25
8.63669822813144,25
8.65893983323794,25
8.91522656566338,25
8.40317968200903,25
8.70715910515554,25
8.27564085824745,25
8.96611021280042,25
7.60183781327189,25
7.5700126331062,25
8.6979892219253,25
10.0344655582583,25
