"mape","daycounts"
0.464690556460891,21
0.396527749201644,21
0.448147092428197,21
0.417252195905758,21
0.449382145983326,21
0.42045028099879,21
0.52284808267813,21
0.42189333595104,21
0.379977773218474,21
0.376908418966388,21
