"mape","daycounts"
0.443119591354258,10
0.981233692772806,10
1.2647241469582,10
0.45863393508876,10
0.875498080221577,10
