"mape","daycounts"
5.41888923387489,8
5.52685120493499,8
6.07465065051417,8
6.14318311552543,8
