"mape","daycounts"
23.5411907521107,35
25.4209790252041,35
35.4482352520622,35
29.5147181934731,35
33.9575389753298,35
32.3065527686342,35
34.8946241962735,35
28.5688814225827,35
36.8279845129166,35
37.8130629574361,35
32.5779168741807,35
22.2821703486751,35
28.5400602434127,35
30.4180106421437,35
25.5693519449042,35
37.4007360586063,35
36.9932466653218,35
