"mape","daycounts"
11.436548841209,38
10.9575218127484,38
9.81746736371967,38
9.62568968938158,38
10.6947386546747,38
7.2684229923157,38
7.48723332896927,38
8.68047712156592,38
8.40212755474732,38
8.28060311741534,38
8.01920010420274,38
7.4148301257316,38
7.09978813340787,38
7.97570781435985,38
7.95893153191807,38
8.43955254721826,38
13.8284433304195,38
13.1511139520994,38
14.5252519634856,38
