"mape","daycounts"
2.02911147291499,23
1.85306484988333,23
2.13244992028603,23
2.43359660433031,23
1.94214178799614,23
1.82813478002539,23
1.47451236200895,23
1.38195222229037,23
1.48354770941055,23
2.55859192650496,23
3.26043939748206,23
3.25601627975005,23
