"mape","daycounts"
3.65655108378715,7
2.99213586064644,7
3.62802328772383,7
3.61005539862304,7
