"mape","daycounts"
3.85592945309952,10
4.3610083634896,10
3.44798051203032,10
7.96846614828285,10
7.08604629588528,10
