"mape","daycounts"
6.55355280735964,21
5.84292497248009,21
6.95257836738134,21
7.14624201303253,21
7.37534115725672,21
5.15567433624694,21
6.43374212086848,21
6.57162450539535,21
5.41969317329005,21
6.58703939852025,21
6.94790473141124,21
