"mape","daycounts"
6.61116722606886,23
6.37918612563613,23
6.56897196199512,23
5.91043066802049,23
6.17398611057486,23
5.86911119076146,23
5.74797650553203,23
6.47537029956954,23
6.69269219419753,23
6.41953413475965,23
8.01752323845519,23
7.91225880964601,23
