"mape","daycounts"
1.22664275051918,25
2.18073480109515,25
1.27457080208137,25
1.78849833435784,25
0.521714875500028,25
0.746740897921803,25
0.399271457151815,25
1.38834830177001,25
1.03925540087762,25
1.17133076519252,25
0.737691038701358,25
1.06988734438851,25
