"mape","daycounts"
0.783294828071621,20
0.754130049754849,20
0.67545892792672,20
0.990720201049672,20
0.748481760054978,20
0.790745916950867,20
0.564314000010469,20
0.705734574471327,20
0.463163011560342,20
1.27592397543389,20
