"mape","daycounts"
5.74479165675539,28
6.53813328616586,28
5.55884685568534,28
5.29156031161189,28
4.50440019562451,28
5.32994209363599,28
5.34138388045086,28
5.67101602598499,28
7.70788105799784,28
6.80652844877824,28
7.39426343879775,28
6.00273228157115,28
6.1625437043327,28
5.51985908298617,28
