"mape","daycounts"
6.91636982698425,25
7.90896361795638,25
8.63760941862118,25
8.65890930613616,25
8.91341430429701,25
8.40469697470412,25
8.70816945817218,25
8.27647981856855,25
8.96531558877665,25
7.60101493483039,25
7.5710509065104,25
8.69720666273901,25
10.0340582602539,25
