"mape","daycounts"
1.99741638535843,22
1.61120331871447,22
1.4699199759692,22
1.0437840274044,22
1.1362695135159,22
1.74494603407745,22
1.40683435287873,22
1.67024284337091,22
1.22910754544908,22
1.2801204863409,22
1.10112487938394,22
