"mape","daycounts"
1.7482143968686,22
1.98348531843603,22
1.88593397837736,22
1.92747640359972,22
1.80954080959121,22
1.81322138514812,22
1.94392458859602,22
1.62544698154578,22
1.63102866726543,22
2.35308903547285,22
2.95815397808736,22
