"mape","daycounts"
12.3062422205504,41
11.4624852235517,41
11.3233102496276,41
19.612686780832,41
19.0230002236127,41
12.4043315974537,41
12.4184386416966,41
11.6718752106884,41
11.3477060342159,41
12.3171275682727,41
11.4740269032989,41
12.3720296359944,41
12.5412955693704,41
12.1773163460093,41
12.0587139224543,41
11.9864968006275,41
12.1037581087559,41
12.6135826047811,41
15.9350316099667,41
16.4478544702695,41
