"mape","daycounts"
0.464269438607412,21
0.396918139028709,21
0.446455223091003,21
0.416929126356464,21
0.450992532087354,21
0.419724259407488,21
0.526260831356312,21
0.422591206673335,21
0.379616132527586,21
0.377237184734214,21
