"mape","daycounts"
1.35249451427903,14
1.24809899867727,14
0.932759073783488,14
1.0283183700125,14
0.606292540800051,14
0.857258848757232,14
0.956044782128881,14
