"mape","daycounts"
4.74731818271158,24
3.38011487788322,24
3.95176265819009,24
2.29598308116024,24
2.29390760256901,24
4.37573713829049,24
3.7485519472351,24
27.1505239765333,24
30.8111416891181,24
34.9014915481329,24
34.3046366287486,24
37.5770799479613,24
