"mape","daycounts"
8.01696041515677,8
8.41721675049306,8
7.87266895979816,8
9.0597659542367,8
