"mape","daycounts"
2.26792195762737,10
1.85977890249012,10
0.988709249525499,10
1.09788181338397,10
1.2552008965974,10
