"mape","daycounts"
1.80057486416142,10
1.92787290800846,10
1.58202941418064,10
1.77555681617965,10
1.80360165777796,10
