"mape","daycounts"
2.40940756625878,21
2.36506830924964,21
2.34901961814714,21
2.25733535247083,21
2.19607080630246,21
2.2187047337862,21
2.17924529422112,21
2.23960946310207,21
1.6345841019695,21
2.45142015597519,21
2.40738575915686,21
