"mape","daycounts"
0.399373034698045,8
0.488527740564981,8
0.372945847219551,8
0.503596656539536,8
