"mape","daycounts"
7.88428534286232,21
7.43706497694823,21
8.98474162615137,21
7.96919001397398,21
8.04395024994432,21
7.86281444278929,21
8.94725730909228,21
6.62332863192011,21
8.51456281206876,21
8.15256677814063,21
