"mape","daycounts"
7.82941548609922,22
6.74358556629143,22
6.85707394062625,22
6.9623900148297,22
7.28071507887562,22
7.1279153123013,22
6.65319774562892,22
6.6338630538647,22
6.19754189617411,22
7.27873528503693,22
6.61066053671037,22
