"mape","daycounts"
0.209812718108995,28
0.272984018903626,28
0.249172325029424,28
0.248419930177384,28
0.419524582266321,28
0.410996015787731,28
0.242414082403009,28
0.228956766902098,28
0.434902538494643,28
0.409173637304121,28
0.492077340686641,28
0.30286700717923,28
0.171253407317884,28
0.344847341900537,28
