"mape","daycounts"
2.09301205256961,5
1.75022527842168,5
