"mape","daycounts"
0.453310531723157,21
0.102575612244855,21
0.0750382464691944,21
0.0880789195662758,21
0.124161899896533,21
0.0954000291708533,21
0.172123053612813,21
0.141187318414695,21
0.327840216206745,21
0.376368129155827,21
