"mape","daycounts"
2.5232146716669,19
2.55619654174375,19
2.55201354179821,19
2.50947714399001,19
3.05183160447917,19
2.60309132826305,19
2.7350539283269,19
2.15741824220936,19
2.17273543133048,19
2.31670597453084,19
