"mape","daycounts"
0.302022484422311,23
0.295103629827356,23
0.322088732236224,23
0.331828136823103,23
0.385672867250335,23
0.317291933780656,23
0.33349872009002,23
0.361429900241185,23
0.337598812224705,23
0.376135874912451,23
0.36425036082782,23
