"mape","daycounts"
2.02932270781841,23
1.85329595282184,23
2.13238984426153,23
2.43601513447858,23
1.94253622511673,23
1.82821128288739,23
1.47504374543576,23
1.38220780270236,23
1.48395268173556,23
2.55814222246941,23
3.2601252714411,23
3.25589774491829,23
