"mape","daycounts"
6.61131800241258,23
6.3793627951615,23
6.56831760392484,23
5.91044304203506,23
6.17402683900343,23
5.86855554196998,23
5.74740835121484,23
6.47524360394534,23
6.6944630081989,23
6.41966405679822,23
8.01571762498757,23
7.90839065367439,23
