"mape","daycounts"
0.444905828344636,10
0.985203926941001,10
1.27225547546072,10
0.458043198519333,10
0.871916036625989,10
