"mape","daycounts"
4.74649987186859,24
3.38014893550108,24
3.95127203200134,24
2.29576425034569,24
2.29359511703292,24
4.37662724760282,24
3.7476492355266,24
27.1595224077568,24
30.826591119379,24
34.945732692024,24
34.3297311488839,24
37.6103280338693,24
