"mape","daycounts"
1.47237811211686,45
1.49826679968582,45
1.53404029163403,45
1.54814499735665,45
1.94294183135203,45
1.42607255932672,45
1.77825874666477,45
1.62277826200569,45
1.53890449814029,45
1.6882119739442,45
1.67537471909021,45
1.57115704829654,45
1.56261988586332,45
1.5433621152794,45
1.41521696968601,45
1.83161909909426,45
1.50994585193179,45
1.57191707442109,45
1.2927530656778,45
1.46912125756329,45
1.13848867915611,45
2.2732292555941,45
