"mape","daycounts"
12.3052435054541,41
11.4613539435947,41
11.3216218394594,41
19.6166177356018,41
19.0264259232331,41
12.4048569760691,41
12.4189402769865,41
11.6559058618058,41
11.3459051072048,41
12.318273556979,41
11.4738978909856,41
12.3850622826272,41
12.5412042790716,41
12.1764218653941,41
12.0604584655377,41
11.9868183704714,41
12.1044603052571,41
12.6134540593037,41
15.9376049314172,41
16.4497487087902,41
