"mape","daycounts"
8.01464447915719,8
8.41736109371658,8
7.87026548054704,8
9.06201531347815,8
