"mape","daycounts"
5.4188894561142,8
5.52689927583296,8
6.07467027198442,8
6.14321243960576,8
