"mape","daycounts"
0.469269152289958,21
0.395540635383935,21
0.448613826147149,21
0.419269744891609,21
0.453437544474986,21
0.4144169914585,21
0.522322106754759,21
0.423380311002364,21
0.378807917241371,21
0.375531804490245,21
