"mape","daycounts"
1.80059645792507,10
1.92796257255409,10
1.58224072949095,10
1.77565944920645,10
1.80379893691026,10
