"mape","daycounts"
0.783239819346097,20
0.754021438804209,20
0.675125053130441,20
0.990607768398318,20
0.748463425479069,20
0.790795072233688,20
0.564216545616021,20
0.705827300038938,20
0.463151331864649,20
1.27595380754714,20
