"mape","daycounts"
7.88428410459591,21
7.4370571669961,21
8.9847200591461,21
7.96920301093163,21
8.04396158390283,21
7.86285171825113,21
8.94724614927755,21
6.62330040583147,21
8.51455829674512,21
8.15260913989026,21
