"mape","daycounts"
1.74888749314902,22
1.98293370402625,22
1.88583287262681,22
1.92653023638263,22
1.80823725104669,22
1.81061763188726,22
1.94397287257818,22
1.62711397344068,22
1.63245895939149,22
2.35253340072813,22
2.95917173247583,22
