"mape","daycounts"
2.09305264607607,5
1.75033092775788,5
