"mape","daycounts"
7.83004224920143,22
6.74359957817335,22
6.85687593303922,22
6.96233106445909,22
7.27990078853931,22
7.1277291650685,22
6.65286672858122,22
6.63454185414289,22
6.19754823249736,22
7.27834469659243,22
6.60905002580308,22
