"mape","daycounts"
11.436547290672,38
10.9578687074732,38
9.81765593926966,38
9.62561877916796,38
10.6935691173832,38
7.26848719813976,38
7.48722767105799,38
8.68049948924721,38
8.40239054419426,38
8.28064470696466,38
8.01932539125733,38
7.41485977066973,38
7.09982353342736,38
7.97571223951201,38
7.95886802728191,38
8.43901410095036,38
13.8285494441327,38
13.1511010769319,38
14.5253507338233,38
