"mape","daycounts"
1.99721783790144,22
1.61055475109904,22
1.46878614041182,22
1.04309185302738,22
1.13512142520304,22
1.74359326907528,22
1.40581223401819,22
1.66951763881058,22
1.22789268375888,22
1.27970111339888,22
1.10045970030162,22
