"mape","daycounts"
0.394102040684589,8
0.478452622882474,8
0.360362822176968,8
0.500726968401522,8
