"mape","daycounts"
0.302317596137752,23
0.29528863052287,23
0.322137165502807,23
0.331690240818806,23
0.385666843070964,23
0.317312981396367,23
0.333179774413897,23
0.361653898472412,23
0.337212669573978,23
0.376668279576968,23
0.36419371996339,23
