"mape","daycounts"
3.85616219597512,10
4.36178395846798,10
3.44907370666045,10
7.96989073624795,10
7.08699937700483,10
