"mape","daycounts"
1.23114134673914,25
2.17887528928455,25
1.28115359077326,25
1.76633832010532,25
0.522091977757374,25
0.7466278945624,25
0.40136535068464,25
1.38374789760914,25
1.0378508666014,25
1.16951230636472,25
0.73727610773724,25
1.06884606234185,25
