"mape","daycounts"
23.5410840408536,35
25.4211024124954,35
35.4486650763059,35
29.5152879814674,35
33.9567705908446,35
32.3059965454176,35
34.8946133962944,35
28.5687275380862,35
36.8277886540836,35
37.813133737422,35
32.5780851488568,35
22.282457433701,35
28.5399208686814,35
30.4185335927865,35
25.5687271332439,35
37.4012458443649,35
36.993334091283,35
