"mape","daycounts"
5.7445693071149,28
6.53830432794654,28
5.55873853641673,28
5.29165295029263,28
4.50427310325482,28
5.33043874532093,28
5.34134495419172,28
5.67119591019555,28
7.70578286390678,28
6.80561601880851,28
7.39462894871514,28
6.00268097982011,28
6.1622470164542,28
5.51925665116792,28
