"mape","daycounts"
3.65552502695517,7
2.99240871047496,7
3.62983076849891,7
3.61170579489309,7
