"mape","daycounts"
2.26441321228833,10
1.85415706917865,10
0.987481340028766,10
1.09598532846309,10
1.25473432484727,10
