"mape","daycounts"
0.453362419587576,21
0.101702347020897,21
0.073827940388498,21
0.088007484361762,21
0.124050611390732,21
0.0878694390597039,21
0.171302656743518,21
0.144277729657729,21
0.327373615166579,21
0.374917839459271,21
