"mape","daycounts"
1.36718651316852,14
1.26706032217796,14
0.9336369472142,14
1.02860553295717,14
0.606870361447233,14
0.860031070476098,14
0.955789503455085,14
