"mape","daycounts"
6.55440212372286,21
5.84328775139573,21
6.94177545190426,21
7.14617607812942,21
7.37450698448065,21
5.15551240744345,21
6.43371744787779,21
6.57158683537081,21
5.41916777135796,21
6.5864308519865,21
6.94820807201163,21
