"mape","daycounts"
2.52455642330488,19
2.55583978091337,19
2.55203175433318,19
2.50824321157453,19
3.05120848845273,19
2.60378937524748,19
2.73469559129091,19
2.1565738744332,19
2.17348202370781,19
2.31721637113809,19
