"mape","daycounts"
0.210173046868916,28
0.272363632544068,28
0.248578675445303,28
0.248252295728263,28
0.419525982895596,28
0.411315440310708,28
0.242536667966697,28
0.228707702628838,28
0.435307211990562,28
0.408935367904774,28
0.492208540600047,28
0.303633966576151,28
0.171808926506072,28
0.344289804900116,28
