"mape","daycounts"
6.9160896603399,25
7.90908472960701,25
8.63734634706626,25
8.66042862122081,25
8.91270579584237,25
8.40419259992511,25
8.70713480997056,25
8.27406090814187,25
8.96523691469456,25
7.60244816017038,25
7.57150882291578,25
8.69794658718747,25
10.03387751161,25
