"mape","daycounts"
8.01479271938591,8
8.41557276349192,8
7.86954011501474,8
9.05967203144385,8
