"mape","daycounts"
0.453606654893275,21
0.101066898919623,21
0.074142070590772,21
0.0878380017573817,21
0.124049503525068,21
0.0880136378188282,21
0.170981750332321,21
0.144402385327117,21
0.327361063379941,21
0.374803305552335,21
