"mape","daycounts"
1.23552200520111,25
2.17764987139595,25
1.28089305025841,25
1.76877656094347,25
0.521632833725972,25
0.746076620998429,25
0.401322671322519,25
1.37053655722842,25
1.03736698828709,25
1.16901577435014,25
0.736532620238499,25
1.06965839571946,25
