"mape","daycounts"
0.469190888753075,21
0.395430702302998,21
0.448709764902653,21
0.418486269556971,21
0.453290728303209,21
0.414227875396183,21
0.521240419301273,21
0.423628133486944,21
0.378735934757071,21
0.375571466912628,21
