"mape","daycounts"
6.61163711119599,23
6.38141230744515,23
6.56748483298697,23
5.91036376069628,23
6.17254786964434,23
5.86906950364597,23
5.74749317544328,23
6.47521485660186,23
6.69711718744682,23
6.42082027819213,23
8.01558823247201,23
7.90784711900137,23
