"mape","daycounts"
2.02941970309586,23
1.85326195194609,23
2.13238945575612,23
2.43603545396007,23
1.94253049726248,23
1.82812550213548,23
1.47503848271158,23
1.38208085292091,23
1.48394070125438,23
2.55831150683493,23
3.2600407250518,23
3.25561539860718,23
