"mape","daycounts"
0.20980701800408,28
0.272575338830192,28
0.248607041287003,28
0.248246175011331,28
0.419544777636113,28
0.411247813749862,28
0.242261279750728,28
0.228811501642229,28
0.435281443600778,28
0.408820231177774,28
0.492062411934866,28
0.303699611845036,28
0.172010197905539,28
0.344269157609359,28
