"mape","daycounts"
7.88449031548177,21
7.43636797324265,21
8.98433211322966,21
7.97016265825287,21
8.04469334521279,21
7.86272872890411,21
8.94788936019051,21
6.62184062458901,21
8.51476410322108,21
8.1529413968933,21
