"mape","daycounts"
5.41898387914577,8
5.52564423774932,8
6.07432176361652,8
6.14276726618243,8
