"mape","daycounts"
2.26013584841718,10
1.85050162176106,10
0.989585578544586,10
1.0976521420272,10
1.2552154455613,10
