"mape","daycounts"
5.74433996712197,28
6.53735628305907,28
5.55716828342661,28
5.29113554738865,28
4.50374062416612,28
5.33029676702658,28
5.34132566544439,28
5.67126871956641,28
7.70917066560715,28
6.81082918208048,28
7.39636735451407,28
6.00266441158571,28
6.16312588405771,28
5.51955621960852,28
