"mape","daycounts"
3.85480000065558,10
4.36108695543899,10
3.44842816169795,10
7.964216672817,10
7.08302024165501,10
