"mape","daycounts"
23.5410729786003,35
25.4211939843199,35
35.4486971467387,35
29.5153007478787,35
33.9565939890128,35
32.3061476715442,35
34.8943722192463,35
28.5687791320458,35
36.8281031722182,35
37.8132502231302,35
32.5782766141151,35
22.2819786134216,35
28.5399185631141,35
30.4185403849242,35
25.5688463172121,35
37.4015486847525,35
36.9936493165373,35
