"mape","daycounts"
1.47259094753783,45
1.49788630461362,45
1.53442690739944,45
1.54783084878658,45
1.94325993100799,45
1.42675408004759,45
1.77873892155708,45
1.62242162532866,45
1.53852897449422,45
1.6882636154114,45
1.67537886529626,45
1.57146685559605,45
1.56266614602446,45
1.54401582232776,45
1.41548464611293,45
1.83131092849176,45
1.51004387250104,45
1.57206641931776,45
1.29342856155797,45
1.46976519720164,45
1.13888774806694,45
2.27493264669871,45
