"mape","daycounts"
1.80059869778164,10
1.92794559307911,10
1.58240564681215,10
1.77562037398482,10
1.80376501676329,10
