"mape","daycounts"
0.783856226330936,20
0.754936406828922,20
0.675733665628298,20
0.990360389008526,20
0.748297755552323,20
0.790007322940318,20
0.565197918200697,20
0.706848034326302,20
0.46222613511448,20
1.27490139025501,20
