"mape","daycounts"
2.40859691666363,21
2.36454896624856,21
2.34928251283324,21
2.25754403534999,21
2.1956381410463,21
2.21810332067004,21
2.17934277075268,21
2.2388707545116,21
1.63440884473752,21
2.45074081862305,21
2.40640257654722,21
