"mape","daycounts"
6.55413016127713,21
5.84322825659606,21
6.94210122362306,21
7.14602178574787,21
7.37437527617127,21
5.15558078177766,21
6.43351629290022,21
6.57131250580554,21
5.41916943366951,21
6.58616072123762,21
6.948057495827,21
