"mape","daycounts"
2.52516819295439,19
2.55583663189861,19
2.55197535760287,19
2.50774657505581,19
3.05081164973249,19
2.60406589780593,19
2.73499361409198,19
2.15629504404749,19
2.17330735971802,19
2.31784532379411,19
