"mape","daycounts"
3.65530254966095,7
2.99361362590158,7
3.62998030522376,7
3.61155447589613,7
