"mape","daycounts"
11.4358333239717,38
10.9626597007522,38
9.81981975546649,38
9.62434109340801,38
10.6938200129236,38
7.26749698296181,38
7.48288413227177,38
8.68442580631128,38
8.40757416535656,38
8.27994146346381,38
8.01834667965135,38
7.41532849597297,38
7.10119435805469,38
7.97430365269037,38
7.95714873679547,38
8.43713483987665,38
13.8268910204819,38
13.1521337255129,38
14.5268535532207,38
