"mape","daycounts"
6.91592843313435,25
7.90920140094325,25
8.63725901051411,25
8.66008944721179,25
8.91284992035854,25
8.40395716834193,25
8.70675175423597,25
8.27356780122542,25
8.96470003831899,25
7.6013357972086,25
7.57103372236365,25
8.69843885758034,25
10.0341674173257,25
