"mape","daycounts"
4.74537270725057,24
3.37961444408298,24
3.95082263378512,24
2.29586798561169,24
2.29349756864193,24
4.37703344538797,24
3.74821992495146,24
27.1614910276167,24
30.8297641573418,24
34.9672312440588,24
34.3407020601264,24
37.6344255873688,24
