"mape","daycounts"
1.3716939541969,14
1.27222978541305,14
0.934476024911533,14
1.02805349698174,14
0.606250351512182,14
0.860535094606824,14
0.955692121757285,14
