"mape","daycounts"
2.09296361008725,5
1.74940137344937,5
