"mape","daycounts"
7.83001152468997,22
6.74317857079493,22
6.85729468935546,22
6.96251804930472,22
7.27995413072216,22
7.12754403172267,22
6.65322830195596,22
6.63423766522842,22
6.19732910370235,22
7.27854325615778,22
6.61099446754869,22
