"mape","daycounts"
0.455215469622963,10
0.985064373827393,10
1.2722980566702,10
0.461105827998594,10
0.876280772527558,10
