"mape","daycounts"
0.302671722970384,23
0.295655618469618,23
0.322346185605565,23
0.331602875788293,23
0.385545526096887,23
0.317350104545036,23
0.333209079623013,23
0.362115795970383,23
0.337403179049483,23
0.376829880360292,23
0.364196932923807,23
