"mape","daycounts"
0.393408388955214,8
0.478128435706299,8
0.378624878978211,8
0.499240121038872,8
