"mape","daycounts"
1.23559848486651,25
2.17857952341382,25
1.28085410312981,25
1.7685398614715,25
0.521440652932261,25
0.745943418696687,25
0.401257294018562,25
1.37090274309849,25
1.0373718432973,25
1.1690026717546,25
0.736394187320149,25
1.06990317303817,25
