"mape","daycounts"
3.85491889575025,10
4.36185831526255,10
3.44912139150023,10
7.96565989524025,10
7.08463322606096,10
