"mape","daycounts"
1.37111218616989,14
1.27182419635308,14
0.934738984864307,14
1.02766598949672,14
0.606106669288141,14
0.861070062064739,14
0.955870109938623,14
