"mape","daycounts"
2.25638013029259,10
1.84835203431458,10
0.988520305268983,10
1.09733461031288,10
1.25497433694814,10
