"mape","daycounts"
0.302689522194307,23
0.297309831759509,23
0.322376511350372,23
0.331554074660622,23
0.385343874522618,23
0.316958908421696,23
0.332137306377835,23
0.359841720522734,23
0.337656836400751,23
0.376789128593332,23
0.363715441479088,23
