"mape","daycounts"
2.40862283946786,21
2.36444818081899,21
2.34932816720639,21
2.25767654284562,21
2.19574214450658,21
2.21822062253915,21
2.17948985703904,21
2.23906909133608,21
1.63421116846199,21
2.45065061336263,21
2.40634322446288,21
