"mape","daycounts"
4.74535372841072,24
3.37979346459329,24
3.95081968838456,24
2.29582562417053,24
2.29345670841071,24
4.37705653984114,24
3.7481467235201,24
27.1657617654482,24
30.8315672266838,24
34.9691876974111,24
34.3339531914526,24
37.6365089572999,24
