"mape","daycounts"
6.9160176279716,25
7.908980336585,25
8.63650654149074,25
8.659728240791,25
8.91198855652723,25
8.4019704268782,25
8.70477665911157,25
8.27135071760117,25
8.96348191811191,25
7.60148974500335,25
7.56900905001506,25
8.69863127556901,25
10.0351323566784,25
