"mape","daycounts"
23.5411858350897,35
25.4212894220875,35
35.4485807311502,35
29.5151901727486,35
33.9566596141418,35
32.3059444922048,35
34.8944182926072,35
28.5685523632056,35
36.8279913926696,35
37.8133945561549,35
32.5785898645623,35
22.281678323851,35
28.5400532301386,35
30.4193326866311,35
25.5677037080108,35
37.4015935735439,35
36.9938960222914,35
