"mape","daycounts"
0.395354543975123,8
0.47790772092322,8
0.377091024828326,8
0.499038649082093,8
