"mape","daycounts"
1.99701086133077,22
1.61051085343134,22
1.46877718046229,22
1.04322059843276,22
1.13508407575154,22
1.74588609394915,22
1.4063501434015,22
1.66934956367376,22
1.22769328451283,22
1.27992812030742,22
1.09987490179868,22
