"mape","daycounts"
2.09347758248524,5
1.75076957588182,5
