"mape","daycounts"
0.783557134320446,20
0.75527054817499,20
0.675417449598855,20
0.990450744423629,20
0.748680002190789,20
0.790071796377046,20
0.565986177070218,20
0.708540799507507,20
0.461364712214631,20
1.27495607902087,20
