"mape","daycounts"
5.42186640453552,8
5.53476943046392,8
6.07918642507175,8
6.14480233800906,8
