"mape","daycounts"
0.45432685720833,10
0.989243978963341,10
1.25930276039228,10
0.461457776277267,10
0.875359489111636,10
