"mape","daycounts"
1.47229594321598,45
1.49786715879091,45
1.53350841887258,45
1.54769781761964,45
1.94295900773124,45
1.42627391868392,45
1.779675264958,45
1.62234293055568,45
1.53875875944495,45
1.68851865321144,45
1.67603860953949,45
1.57142815854556,45
1.5635928763436,45
1.54374539030481,45
1.41474966091182,45
1.83096874718679,45
1.50992228093698,45
1.57198109935017,45
1.29357099723764,45
1.47000367281242,45
1.1385984623781,45
2.27482077024122,45
