"mape","daycounts"
11.435324416971,38
10.9644921018954,38
9.82001591849642,38
9.6234620551492,38
10.6932956363333,38
7.26730358522977,38
7.48268014888425,38
8.68654771001078,38
8.40825699718043,38
8.27968760347502,38
8.01880978225037,38
7.41509489095569,38
7.10188857399821,38
7.97429808362099,38
7.95687635575639,38
8.43667116750282,38
13.8270859562758,38
13.1519463694335,38
14.5263439616846,38
