"mape","daycounts"
8.01477530154673,8
8.41552980145602,8
7.86937027549264,8
9.06004853902938,8
