"mape","daycounts"
0.453404609193268,21
0.100653847307381,21
0.0731529977327262,21
0.0878919133933162,21
0.123676340505644,21
0.0820407634122861,21
0.170437311889284,21
0.143851224046243,21
0.32727935091295,21
0.375059304928603,21
