"mape","daycounts"
1.74871918661016,22
1.98284406126453,22
1.88559002875118,22
1.92648564771785,22
1.80823734604815,22
1.81084441733666,22
1.94410503846216,22
1.62648724435416,22
1.6317970795846,22
2.35246378941067,22
2.95929353549908,22
