"mape","daycounts"
12.3058148687696,41
11.462178012857,41
11.3216690597512,41
19.6158926764684,41
19.025428287856,41
12.4054013073523,41
12.4190276998115,41
11.6583672216424,41
11.3449017879478,41
12.3192477377999,41
11.4740487307533,41
12.4033874609952,41
12.5417569062178,41
12.175602574719,41
12.0614878170193,41
11.9875668993709,41
12.1057848747785,41
12.6144502927662,41
15.9376717563483,41
16.4485031837572,41
