"mape","daycounts"
2.02950780803786,23
1.85516406381458,23
2.13077550171076,23
2.4400395331226,23
1.94330877352348,23
1.82918763043641,23
1.47625909310913,23
1.38329172018228,23
1.48528842445642,23
2.55792671705061,23
3.25889300287926,23
3.25600447024026,23
