"mape","daycounts"
6.61188390024008,23
6.38078694716911,23
6.5673296846789,23
5.91001393520472,23
6.17315503621199,23
5.86917366330803,23
5.74750020317471,23
6.47537316213852,23
6.69616003390234,23
6.4202504426269,23
8.01759319560924,23
7.90882566371271,23
