"mape","daycounts"
0.469651049415481,21
0.394575171359705,21
0.448431935336501,21
0.417934956347199,21
0.452832418155663,21
0.411803348995199,21
0.520523927178088,21
0.423579056406599,21
0.382146096520571,21
0.375236919485694,21
