"mape","daycounts"
1.80046501385111,10
1.92793470357878,10
1.58277823458187,10
1.7760818822166,10
1.80437534710986,10
