"mape","daycounts"
7.8847814160073,21
7.43692489952047,21
8.98420700000633,21
7.97118276994504,21
8.04462172338479,21
7.86283331076837,21
8.94886826136127,21
6.62225338829612,21
8.51414124166683,21
8.15330368326713,21
