"mape","daycounts"
6.55484583590791,21
5.84314621685815,21
6.94185027793945,21
7.14470040600283,21
7.37313264881868,21
5.15710922980223,21
6.43435284366846,21
6.57271573679784,21
5.41689078056894,21
6.58522915085382,21
6.94778965686884,21
