"mape","daycounts"
0.205932228734344,28
0.271878420166218,28
0.246209396787224,28
0.247279618472717,28
0.41780553338009,28
0.412331315457083,28
0.242232852553815,28
0.228919458409385,28
0.434774903061619,28
0.408725619525436,28
0.492129146118273,28
0.301620483202903,28
0.172377078508186,28
0.344122143283257,28
