"mape","daycounts"
3.66184432630912,7
2.99915276903092,7
3.63286523379086,7
3.61205902547132,7
