"mape","daycounts"
7.83004193531603,22
6.74323607158189,22
6.8574463145827,22
6.96257781891954,22
7.28020187994807,22
7.12720369426503,22
6.65317925351523,22
6.63420734724862,22
6.19749553703244,22
7.27858323815821,22
6.61066755023038,22
