"mape","daycounts"
6.91622860525402,25
7.90914745266238,25
8.63672039171603,25
8.65764720165896,25
8.91332230648337,25
8.40305088119145,25
8.70621080464567,25
8.27236596550633,25
8.96575663572235,25
7.59670155421032,25
7.57185603360817,25
8.69921965318706,25
10.0369502166554,25
