"mape","daycounts"
23.5418102910748,35
25.4222765517779,35
35.4502255916831,35
29.5151451126875,35
33.9568252998356,35
32.3061980013934,35
34.8950088061299,35
28.5688097618855,35
36.8299318303593,35
37.8150733760151,35
32.579933932435,35
22.2831863881309,35
28.5408866733346,35
30.4204443398177,35
25.5691883847104,35
37.4036613844698,35
36.995313399994,35
