"mape","daycounts"
11.4357436087326,38
10.9637395283602,38
9.8190000791724,38
9.62355642660908,38
10.6915908170833,38
7.26677653075499,38
7.48304681511613,38
8.68553710477774,38
8.40775367876695,38
8.27949477487016,38
8.0183150778222,38
7.41476619247349,38
7.10119189571426,38
7.97404540029872,38
7.95702179113752,38
8.43662011512857,38
13.8274230682676,38
13.1525981822241,38
14.527269234237,38
