"mape","daycounts"
1.99652675135059,22
1.60756344334537,22
1.46999734216856,22
1.04332884726932,22
1.13490473562835,22
1.74586210102052,22
1.40822553554909,22
1.67037241875296,22
1.23059065253717,22
1.28211853565336,22
1.10215445541644,22
