"mape","daycounts"
2.02969031103578,23
1.85506899128546,23
2.13087507745999,23
2.43982500750452,23
1.94319763578482,23
1.82923496071619,23
1.47624089574174,23
1.38324265610089,23
1.48552698907137,23
2.55797744154235,23
3.25847520453572,23
3.25551195556866,23
