"mape","daycounts"
1.80045814373449,10
1.92833238323526,10
1.58212333242517,10
1.77607561649569,10
1.80434501117319,10
