"mape","daycounts"
0.453411945526489,21
0.100783208015552,21
0.0732199318117101,21
0.0879101510998477,21
0.123488374595284,21
0.0819648291067343,21
0.170505486691439,21
0.140997901346224,21
0.327250388911642,21
0.375239489271029,21
