"mape","daycounts"
0.783281672186913,20
0.755270799709814,20
0.676745976400508,20
0.990754712521046,20
0.748661222141593,20
0.790319837721089,20
0.566912756097406,20
0.707586486440787,20
0.461429486761207,20
1.27524580829591,20
