"mape","daycounts"
2.40855395181928,21
2.36422260259006,21
2.34960106593255,21
2.25781642057891,21
2.19578275799236,21
2.21819486520737,21
2.17954280317156,21
2.23950578984882,21
1.63366160875784,21
2.45077971896962,21
2.40672363266863,21
