"mape","daycounts"
0.206778827858749,28
0.271875211323344,28
0.246498566757878,28
0.247217526994691,28
0.418329249626121,28
0.41224550465412,28
0.241927631501171,28
0.229155241825538,28
0.43589927411577,28
0.408901512883506,28
0.492313621940758,28
0.301688434114517,28
0.172490989810492,28
0.343891160312566,28
