"mape","daycounts"
3.66610354959208,7
3.01239071547744,7
3.63953544032159,7
3.61554141409296,7
