"mape","daycounts"
2.52178032735539,19
2.55613980424814,19
2.55279619706256,19
2.50952046788178,19
3.05167382207781,19
2.60408338467386,19
2.73407891155585,19
2.15776048168515,19
2.17257192441222,19
2.31882831874572,19
