"mape","daycounts"
0.303227881375014,23
0.295924494301006,23
0.322011837475724,23
0.331482531223762,23
0.385351779722421,23
0.31770590978115,23
0.3322424689396,23
0.361684896781227,23
0.337171023001401,23
0.376589712614288,23
0.364343706145335,23
