"mape","daycounts"
6.61189503820834,23
6.38091041593584,23
6.5629664227436,23
5.9100013631667,23
6.17326330733143,23
5.86907101369537,23
5.74763155384628,23
6.47525185457296,23
6.6963296724437,23
6.42026944696219,23
8.01752016601433,23
7.9086925718914,23
