"mape","daycounts"
8.01487013812751,8
8.41686020081681,8
7.86930946790976,8
9.05628455603843,8
