"mape","daycounts"
1.36297369777994,14
1.26798209975529,14
0.934118448293912,14
1.02574557868826,14
0.607023010168669,14
0.861655060626398,14
0.955077511460118,14
