"mape","daycounts"
3.85503070890432,10
4.36234203076159,10
3.44918582306318,10
7.96677104119967,10
7.08561409597936,10
