"mape","daycounts"
0.39490211976855,8
0.47839116237418,8
0.368882732494127,8
0.498914686847933,8
