"mape","daycounts"
1.47281238947896,45
1.49727902441084,45
1.53241566337409,45
1.54779265105102,45
1.94305323213828,45
1.42690268188197,45
1.77996257881146,45
1.6219493248463,45
1.53945927683771,45
1.68917274495924,45
1.67581638697325,45
1.57167293628681,45
1.56443566002688,45
1.54278761483469,45
1.4142475586845,45
1.83152079190702,45
1.51025270037227,45
1.57179431399333,45
1.29397632047474,45
1.4688438439519,45
1.13889142485075,45
2.2747547654394,45
