"mape","daycounts"
1.23015135245682,25
2.17708469806046,25
1.29256581000548,25
1.79603437625651,25
0.526698915544887,25
0.749132511698113,25
0.405071484526382,25
1.39037404474929,25
1.03733642113083,25
1.16900984554075,25
0.73458222666407,25
1.06655072094174,25
