"mape","daycounts"
12.3040295567228,41
11.4630195876047,41
11.3190506381309,41
19.6205727944816,41
19.0256414030085,41
12.4073538930469,41
12.4226545585782,41
11.6683794780218,41
11.3450139812915,41
12.3217814164167,41
11.4746694779541,41
12.3830151759961,41
12.5421891801533,41
12.1747899625484,41
12.0616348982087,41
11.9876918585301,41
12.1059723413863,41
12.615387721134,41
15.9396414904734,41
16.4514937840387,41
