"mape","daycounts"
4.74599627654919,24
3.38112106012884,24
3.95101920194423,24
2.29663940720137,24
2.29481602323178,24
4.37556142457451,24
3.74797929242088,24
27.1584169352463,24
30.8200421768043,24
34.9501263800356,24
34.316173647399,24
37.6136623699198,24
