"mape","daycounts"
7.8307334595794,22
6.74327502879186,22
6.85784506419096,22
6.96259098401408,22
7.28052185214092,22
7.12735064128284,22
6.65305659104216,22
6.63437991261996,22
6.19767341275399,22
7.27855001191725,22
6.61124098559163,22
