"mape","daycounts"
5.42225969106997,8
5.53524153786947,8
6.07994862265628,8
6.14530258188492,8
