"mape","daycounts"
2.25878571406827,10
1.85093225945022,10
0.98760318963601,10
1.0968073521954,10
1.2550951347477,10
