"mape","daycounts"
0.455930072504744,10
1.00319800708504,10
1.25964900527928,10
0.462043247605083,10
0.878580524827772,10
