"mape","daycounts"
5.74364106953535,28
6.5371148867905,28
5.55691222908995,28
5.29011566585327,28
4.50347758975941,28
5.33017687412174,28
5.34095759223068,28
5.67102993166482,28
7.70718597338865,28
6.80717574583168,28
7.39639124330894,28
6.00279529367545,28
6.16312999376696,28
5.51871587168783,28
