"mape","daycounts"
0.468212049808627,21
0.38848340033685,21
0.447834840429242,21
0.418526167495847,21
0.453398028031263,21
0.407259060917649,21
0.521276055839447,21
0.420256613723518,21
0.381615987498724,21
0.371479063382129,21
