"mape","daycounts"
2.09402664270349,5
1.7489131510561,5
