"mape","daycounts"
0.445517717806614,21
0.127946110023145,21
0.12073678704685,21
0.128376220213906,21
0.0878295631271792,21
0.0872065727220852,21
0.195940336132729,21
0.198633119340017,21
0.345147406962805,21
0.531374356501208,21
