"mape","daycounts"
23.5133025520519,35
25.2192241992429,35
35.2806607189738,35
29.5866989716161,35
34.0483851330197,35
32.3051472847303,35
35.0356833892006,35
28.6216882772902,35
36.5364883012904,35
37.6501148381836,35
32.4182340168008,35
22.2842130363554,35
28.6167101773877,35
30.6359542853737,35
25.3625970274426,35
37.1246220100553,35
36.8185467945035,35
