"mape","daycounts"
1.86833685444113,22
1.46046761217105,22
1.35720624545854,22
0.966418087564512,22
1.02756018203835,22
1.69083454884092,22
1.40679842317742,22
1.60581744306783,22
1.15111387521349,22
1.22339077950184,22
1.02963113348203,22
