"mape","daycounts"
0.107739695763266,28
0.25196860873385,28
0.137259415049224,28
0.304964837058169,28
0.40717861151256,28
0.40369642741381,28
0.302569837824321,28
0.259020794344847,28
0.460140059011442,28
0.452786361780761,28
0.456005060198069,28
0.236697794637226,28
0.216165628961124,28
0.362320072146402,28
