"mape","daycounts"
0.430975790693385,8
0.49910442531397,8
0.330036887700457,8
0.48588275434495,8
