"mape","daycounts"
1.47391669656364,45
1.53486468182809,45
1.59330614263343,45
1.61870113068734,45
1.96480881957805,45
1.44841142879162,45
1.79858080637135,45
1.58597802309175,45
1.4990105391231,45
1.68304219698652,45
1.66193730432725,45
1.57835896309971,45
1.53473942262663,45
1.55316174921918,45
1.42538576180364,45
1.82097519610895,45
1.50619169497329,45
1.61784946970642,45
1.28870802329393,45
1.48205022949058,45
1.22921830828889,45
2.2730684098571,45
