"mape","daycounts"
2.5620728171764,19
2.56694444056487,19
2.5505803924781,19
2.52386545759233,19
3.00209729978931,19
2.58737987766615,19
2.7175683459987,19
2.1459075623934,19
2.15642665685302,19
2.2779077778828,19
