"mape","daycounts"
0.664671620296291,10
1.15549540679407,10
0.936960472632742,10
0.483757527955028,10
0.907525337915897,10
