"mape","daycounts"
3.75956344183964,7
3.22165296275292,7
3.71955658374529,7
3.64113907250263,7
