"mape","daycounts"
6.5955094738515,23
6.42949168602292,23
6.5920899418776,23
5.94058326409875,23
6.21733081839315,23
5.85930801827563,23
5.69953631830556,23
6.39195279945296,23
6.74985666953499,23
6.50712400645849,23
8.00642862571796,23
7.90260114560749,23
