"mape","daycounts"
7.85485119315544,22
6.74887499663625,22
6.85905079405867,22
6.96232630226725,22
7.3051580537278,22
7.06346778741562,22
6.61851405140411,22
6.59619795457907,22
6.19032996737239,22
7.27105926853415,22
6.51431029938162,22
