"mape","daycounts"
0.816308766721286,20
0.756393909052741,20
0.72149193892017,20
0.992025406567376,20
0.748822301445807,20
0.807000001396254,20
0.587758560315371,20
0.61161284016429,20
0.603139266781228,20
1.3208062005756,20
