"mape","daycounts"
2.39288476532735,21
2.36812992801751,21
2.23734876562831,21
2.1882429439399,21
2.17899484981732,21
2.18163920737642,21
2.18315097808755,21
2.25741910497694,21
1.67352516728787,21
2.22782270392937,21
2.17142146469123,21
