"mape","daycounts"
8.01667178745377,8
8.41352170089237,8
7.91743937863099,8
9.00612292050288,8
