"mape","daycounts"
2.0700022714373,23
1.89260662117579,23
2.17061979320661,23
2.59597696250133,23
1.99659000753738,23
1.88160215344462,23
1.5084677055876,23
1.38291595510061,23
1.44423124906434,23
2.62674938702846,23
3.30572272284365,23
3.31895930971295,23
