"mape","daycounts"
0.489668736606968,21
0.366178828330778,21
0.410391111832162,21
0.410262359871995,21
0.438603416194606,21
0.436123979379447,21
0.60451174582069,21
0.349779288118367,21
0.319534569664905,21
0.33624963822184,21
