"mape","daycounts"
6.90738809492055,25
7.87918163198076,25
8.62885010641481,25
8.6624241575008,25
8.89491087177869,25
8.40872561273461,25
8.66965236680035,25
8.27016632459122,25
8.95281449700347,25
7.62746322538427,25
7.56647134818983,25
8.65527289179708,25
10.032833007637,25
