"mape","daycounts"
3.82218611867817,10
4.29875137126681,10
3.42110675107346,10
7.83681629735065,10
6.98355836783702,10
