"mape","daycounts"
5.42950382880957,8
5.49655665232467,8
6.03545986028315,8
6.11301768155965,8
