"mape","daycounts"
1.81354447072154,10
1.93554444548322,10
1.63075761768626,10
1.8228673239842,10
1.86232179331494,10
