"mape","daycounts"
1.76955448635087,22
2.01085878431672,22
1.91357924125794,22
1.93876951547304,22
1.80017927358436,22
1.80300667364439,22
1.91608445863542,22
1.70433748833367,22
1.72862547536742,22
2.34991556861541,22
2.9280113928564,22
