"mape","daycounts"
2.22734937916438,10
1.83010230133229,10
1.05123540139975,10
1.13407950173265,10
1.28532334449063,10
