"mape","daycounts"
7.85197950685906,21
7.50800358006331,21
8.94937318318613,21
7.93500935218609,21
8.08044875226751,21
7.83861410161366,21
8.89731432141486,21
6.68283841869665,21
8.3622507031925,21
8.05753451726853,21
