"mape","daycounts"
0.335545694831916,23
0.344653218118439,23
0.335775916470098,23
0.34783415582811,23
0.390947704204114,23
0.363917393327473,23
0.329264845138614,23
0.334760999543233,23
0.369555869221646,23
0.420719489201367,23
0.410133735195085,23
