"mape","daycounts"
1.35441899748104,25
2.08443477323825,25
1.35944772124693,25
1.73130056491553,25
0.520002960480525,25
0.74851577376706,25
0.434956014886551,25
1.30500386941253,25
0.997587266737952,25
1.12556043216231,25
0.695602127311866,25
1.08731949362759,25
