"mape","daycounts"
1.78220154688494,14
1.59410206424427,14
0.938941202019974,14
1.0405858456347,14
0.544374971460412,14
0.805474235803214,14
0.901332440629064,14
