"mape","daycounts"
2.11506445127376,5
1.75912923016013,5
