"mape","daycounts"
4.77002763024697,24
3.4130644710751,24
4.08478736766913,24
2.28253995358166,24
2.34918094893598,24
4.35255212210942,24
3.61579360813897,24
26.528195174041,24
30.22813071861,24
33.0326094739011,24
33.3570595915238,24
36.8288182763342,24
