"mape","daycounts"
11.4955648548958,38
10.9973780996026,38
9.89470833060978,38
9.71857089795516,38
10.5967003962984,38
7.22859478485295,38
7.45888329522816,38
8.54578569563531,38
8.40422400342612,38
8.35235423670392,38
8.13393470985841,38
7.47241200178588,38
7.22646686882365,38
8.01508937349139,38
8.02223098681103,38
8.46598744544731,38
13.9219577959638,38
13.0932664174045,38
14.4397159835117,38
