"mape","daycounts"
2.52029655867878,19
2.55600823770312,19
2.55343199147679,19
2.5094796199801,19
3.05072253315549,19
2.60349963018829,19
2.73483723394319,19
2.15667230693141,19
2.17173038726804,19
2.31888922123976,19
