"mape","daycounts"
0.393239406300783,8
0.483840716849509,8
0.374844802089076,8
0.500640691552284,8
