"mape","daycounts"
1.99548112884852,22
1.6087452901257,22
1.47266645213665,22
1.04300217213313,22
1.13629451245015,22
1.74799873921794,22
1.4103615916537,22
1.67214154974848,22
1.23418327150059,22
1.28296059630945,22
1.10461513129562,22
