"mape","daycounts"
6.55495087450935,21
5.84437598375401,21
6.94061373236243,21
7.14395262274923,21
7.3724257290653,21
5.15729059562514,21
6.43419533303593,21
6.571180818422,21
5.41777399473771,21
6.58489818708,21
6.94730381597202,21
