"mape","daycounts"
11.4355105894397,38
10.9644593182023,38
9.81932311923169,38
9.62326378056019,38
10.6906326984934,38
7.26427473132332,38
7.48117274076278,38
8.68785563600168,38
8.41112219106953,38
8.2795479163261,38
8.01891659149456,38
7.41487061776259,38
7.10114133765911,38
7.97438794231315,38
7.95748604689482,38
8.43710273257436,38
13.8255892608904,38
13.1511389556875,38
14.5270509862257,38
