"mape","daycounts"
7.88463922835432,21
7.43597626700663,21
8.98389942457534,21
7.96611936825829,21
8.04562361377815,21
7.86269560382951,21
8.95511861413051,21
6.61695886096314,21
8.51306048390048,21
8.1552402675877,21
