"mape","daycounts"
1.7476348355352,22
1.98325266770614,22
1.88581344308459,22
1.92621647405586,22
1.80823380078689,22
1.81168652178093,22
1.94497744216526,22
1.62480916154003,22
1.6295168822199,22
2.35221015928639,22
2.96013991658296,22
