"mape","daycounts"
6.91625651377074,25
7.90911124341934,25
8.63673977199429,25
8.65695894283818,25
8.91312696950351,25
8.40224728876472,25
8.70617755393164,25
8.27215333117001,25
8.96561707142483,25
7.59764790549181,25
7.57174284723681,25
8.69850008363145,25
10.0370025283242,25
