"mape","daycounts"
1.47281057091631,45
1.49728074621654,45
1.53243409561012,45
1.5477352394374,45
1.94305735467255,45
1.42686855710285,45
1.77995861543594,45
1.62195201524809,45
1.53953083179906,45
1.68917143795926,45
1.67603171135555,45
1.57168241730515,45
1.56448296389409,45
1.54279105716303,45
1.41437227026341,45
1.83147553176948,45
1.51023817109888,45
1.57184140663743,45
1.2939516899003,45
1.46875190255088,45
1.13887499806443,45
2.27505371362888,45
