"mape","daycounts"
2.09430440565946,5
1.74810119639891,5
