"mape","daycounts"
3.67028757524125,7
3.01820022973267,7
3.64236546622356,7
3.61708144528568,7
