"mape","daycounts"
1.80056463439686,10
1.92931068992207,10
1.58271484720279,10
1.77607180071832,10
1.80460880997318,10
