"mape","daycounts"
0.30310307428064,23
0.295965873783729,23
0.322004002544454,23
0.331465433165199,23
0.385388793759336,23
0.317591890731436,23
0.33236250827946,23
0.361401696676729,23
0.336397114023179,23
0.376551955435381,23
0.364300808089145,23
