"mape","daycounts"
4.74690284649558,24
3.38158835194054,24
3.95080457804429,24
2.29541570064965,24
2.29367243132238,24
4.37425709613059,24
3.7470908047542,24
27.1577809048305,24
30.8195584330673,24
34.951506168581,24
34.3128513765538,24
37.6082538283857,24
