"mape","daycounts"
7.83146591518514,22
6.74358637244585,22
6.85813645147075,22
6.96297165044141,22
7.28033881133507,22
7.12689330149597,22
6.65294772918578,22
6.63481884992343,22
6.19787354034808,22
7.27699984455378,22
6.6116432792819,22
