"mape","daycounts"
0.207722775805454,28
0.272329349199264,28
0.247475577914433,28
0.244420369184809,28
0.419219657247018,28
0.412306918147709,28
0.242077608605171,28
0.229158866033391,28
0.437554946602165,28
0.409361345698682,28
0.492474005175916,28
0.301471395039587,28
0.175552304181535,28
0.342825047314767,28
