"mape","daycounts"
0.462890784262224,10
1.03211810178851,10
1.2606042588038,10
0.462076778955262,10
0.908882508917853,10
