"mape","daycounts"
0.468264315392502,21
0.388278804747511,21
0.447667021506359,21
0.418524956901215,21
0.453496462156962,21
0.407302744395665,21
0.52105585531679,21
0.420260537458265,21
0.381611736993378,21
0.370576705183034,21
