"mape","daycounts"
2.40822246797844,21
2.36374918150499,21
2.34896076983534,21
2.25775212706569,21
2.19647037494176,21
2.21720540459851,21
2.17912121781394,21
2.24100765686904,21
1.632220118167,21
2.45259495745615,21
2.40892090980637,21
