"mape","daycounts"
12.3041834607411,41
11.4620945830376,41
11.3183605488017,41
19.6235008045101,41
19.029588079822,41
12.4068690084225,41
12.4212762508511,41
11.673284389791,41
11.3454246381171,41
12.3215609556115,41
11.4729302238157,41
12.3720714889695,41
12.5420248367823,41
12.1759004186492,41
12.0613870331602,41
11.9874703312033,41
12.1057323267343,41
12.6150825712655,41
15.9400052329194,41
16.4516393486754,41
