"mape","daycounts"
8.01511117655771,8
8.41672406460322,8
7.86799625777924,8
9.05309638695625,8
