"mape","daycounts"
0.453507074194828,21
0.0994312462980564,21
0.0721347258619494,21
0.0865792452531356,21
0.121881219083145,21
0.0819328565981654,21
0.169759993874132,21
0.139426120042316,21
0.326674479120177,21
0.374317185701614,21
