"mape","daycounts"
5.42231107777041,8
5.53569163168451,8
6.08016757912484,8
6.14548745492143,8
