"mape","daycounts"
2.26616671444989,10
1.85635376216385,10
0.981462382793313,10
1.09524556911112,10
1.25292134131967,10
