"mape","daycounts"
0.783893201022744,20
0.755346132014501,20
0.679407216490494,20
0.99147594394939,20
0.748529499588536,20
0.791069682000097,20
0.566885366831117,20
0.705862956880638,20
0.464781292367197,20
1.27534176718611,20
