"mape","daycounts"
1.36400762272192,14
1.26919739294079,14
0.934168282188835,14
1.02585196753973,14
0.607612047682462,14
0.861891138356601,14
0.955188438991956,14
