"mape","daycounts"
5.74360929840359,28
6.53695232039065,28
5.55677990009961,28
5.28986988604461,28
4.50332715986934,28
5.32999288295623,28
5.34094103813137,28
5.67113971663546,28
7.70745719752109,28
6.80730889094014,28
7.39641285465244,28
6.00272160883218,28
6.16314920415116,28
5.51837410163324,28
