"mape","daycounts"
3.85553597093893,10
4.36132575850359,10
3.44637118809926,10
7.96750602925328,10
7.08658468430582,10
