"mape","daycounts"
0.303405961963776,23
0.293889272156132,23
0.321067809053989,23
0.331356964654303,23
0.385274276035652,23
0.316330653565541,23
0.332544426188227,23
0.361927982838377,23
0.336597550636701,23
0.376269187040783,23
0.365244727855259,23
