"mape","daycounts"
6.91546842470267,25
7.90839003208342,25
8.63668616039905,25
8.65604822206244,25
8.91114227992757,25
8.40200892506248,25
8.70475140738303,25
8.27058918499515,25
8.96469820005409,25
7.59760815742687,25
7.57197438924519,25
8.69774066468195,25
10.0375083239559,25
