"mape","daycounts"
1.9958028082183,22
1.60919863949466,22
1.47369852062294,22
1.04392412435668,22
1.13753617928297,22
1.74998342585143,22
1.41311150954099,22
1.67284802509739,22
1.23518345725116,22
1.28359687577294,22
1.10568322200703,22
