"mape","daycounts"
7.8306769907515,22
6.74369040057907,22
6.85792753442105,22
6.96298911553079,22
7.27998076486057,22
7.12667770595315,22
6.65330453332218,22
6.635385704778,22
6.1979094976912,22
7.27663430598181,22
6.61284724904211,22
