"mape","daycounts"
2.02991260530871,23
1.85410452290465,23
2.13108360046938,23
2.44061033989116,23
1.94317814717792,23
1.82955019499786,23
1.47591325097603,23
1.38288980879895,23
1.48503261606785,23
2.55855120586687,23
3.25940713287696,23
3.25588007439164,23
