"mape","daycounts"
12.3041429357657,41
11.4620514334107,41
11.3183416777681,41
19.6234384784526,41
19.0295016374661,41
12.4068783194183,41
12.4212218640831,41
11.6730895019702,41
11.3454467560488,41
12.3215810877678,41
11.4729086786465,41
12.3720577690765,41
12.5420248917057,41
12.1758859597531,41
12.0613942337059,41
11.9874809383885,41
12.1057952663048,41
12.6150521226309,41
15.9399634849849,41
16.4515598141871,41
