"mape","daycounts"
2.40787524397439,21
2.36393140626091,21
2.34908595121609,21
2.25756452572877,21
2.19632127692574,21
2.2171276580716,21
2.17938883532193,21
2.24123190257147,21
1.63225811243652,21
2.45298746315756,21
2.40923142777674,21
