"mape","daycounts"
0.783555666817974,20
0.75526853308193,20
0.679480959542875,20
0.991204507029439,20
0.747619950804524,20
0.791069357715653,20
0.568477832712011,20
0.707040206381612,20
0.464725374785427,20
1.27448439200275,20
