"mape","daycounts"
5.74329114721493,28
6.53612059128947,28
5.5561830336979,28
5.28907525518654,28
4.5033448647751,28
5.32911305139159,28
5.34067986940895,28
5.67095353325829,28
7.70556721780487,28
6.804069127806,28
7.39618139670422,28
6.00226101853473,28
6.16247969859509,28
5.51824048054262,28
