"mape","daycounts"
3.85554066225043,10
4.36096148403238,10
3.44498243930602,10
7.96595908480333,10
7.08533658137208,10
