"mape","daycounts"
2.26630638981772,10
1.85722954738369,10
0.983331051147074,10
1.09636401165586,10
1.25433255821861,10
