"mape","daycounts"
3.66981631440554,7
3.01550002696281,7
3.64175295567368,7
3.61717772464874,7
