"mape","daycounts"
6.61138224711896,23
6.3805157995085,23
6.56119141578171,23
5.90947570975133,23
6.17361455541475,23
5.8693767819692,23
5.74827997847854,23
6.47637148215344,23
6.694925060813,23
6.41902422035664,23
8.01841909698369,23
7.90898729760402,23
