"mape","daycounts"
1.37532917331341,14
1.28622602157197,14
0.934815795537931,14
1.02422312151123,14
0.61207546369187,14
0.86044607848279,14
0.958030535969295,14
