"mape","daycounts"
23.5418249302753,35
25.4219544442831,35
35.4504250384138,35
29.5168069696965,35
33.9552109151354,35
32.3077978559101,35
34.8951926355535,35
28.5706987477896,35
36.8303335423661,35
37.8153111105076,35
32.5800138718882,35
22.2820314338466,35
28.540084094951,35
30.4207381864741,35
25.5693577785304,35
37.4039351328935,35
36.9952314608801,35
