"mape","daycounts"
5.42124638183561,8
5.53213047953753,8
6.07710684240545,8
6.14368858449111,8
