"mape","daycounts"
11.4355657650137,38
10.9644644329884,38
9.81916429860267,38
9.62326367194438,38
10.690651694937,38
7.26439167191128,38
7.48108115436527,38
8.68851180205703,38
8.41119437941661,38
8.27938115077888,38
8.01868623897305,38
7.41474263030452,38
7.10089839203747,38
7.97449280624605,38
7.95747862928077,38
8.43727304869758,38
13.8254554750574,38
13.1515528014712,38
14.5274636402474,38
