"mape","daycounts"
1.74952112967897,22
1.98314100827172,22
1.88573562419224,22
1.92528468159253,22
1.80998713341608,22
1.80986805135452,22
1.94167769910586,22
1.62544684563635,22
1.62959924951238,22
2.35407800412992,22
2.95878471733189,22
