"mape","daycounts"
8.0151147758775,8
8.41679846880237,8
7.86799758552197,8
9.0531496462609,8
