"mape","daycounts"
1.22862863162308,25
2.17684465690811,25
1.2926768589818,25
1.78828397532135,25
0.527140093847405,25
0.749288014392886,25
0.405898174386827,25
1.40061781512425,25
1.03797536695289,25
1.16856832609237,25
0.732625850646097,25
1.06623269389837,25
