"mape","daycounts"
2.09421707881641,5
1.74814319022038,5
