"mape","daycounts"
1.47291690849174,45
1.49725378082456,45
1.53254451547553,45
1.54780600764645,45
1.94310414687793,45
1.42670244019954,45
1.77969273548105,45
1.62192200822633,45
1.53954548640591,45
1.68905999836062,45
1.67487341304483,45
1.57148633233003,45
1.56411885626621,45
1.54266276192471,45
1.41374193511721,45
1.83135835416378,45
1.5101463912948,45
1.57172837735087,45
1.29414543417198,45
1.46921427665648,45
1.13830258770909,45
2.27507953011522,45
