"mape","daycounts"
6.55518865253988,21
5.84449012726872,21
6.93781875022909,21
7.14353748037538,21
7.37213158627684,21
5.15722255891589,21
6.43405806940067,21
6.57102112084161,21
5.41768418220665,21
6.5844958733184,21
6.9471020209675,21
