"mape","daycounts"
4.74631479020027,24
3.38122950803325,24
3.95009711192133,24
2.29510744035866,24
2.29337339079071,24
4.37385246153669,24
3.74711868359289,24
27.1601452184348,24
30.8212482504703,24
34.9538918242367,24
34.3146664083837,24
37.6108658567883,24
