"mape","daycounts"
0.468617136416711,21
0.388344936645319,21
0.447617843625937,21
0.418360543733496,21
0.453490673862936,21
0.40741353221491,21
0.521762011086048,21
0.420061827252659,21
0.381549302439475,21
0.370294611827274,21
