"mape","daycounts"
1.80074317838228,10
1.92853753715822,10
1.58137608555201,10
1.77595199852858,10
1.80458292729046,10
