"mape","daycounts"
0.391173119633674,8
0.478404036378662,8
0.375762728446331,8
0.499500144138967,8
