"mape","daycounts"
0.455159060802062,21
0.0984176845778069,21
0.0726612830142857,21
0.0865534903171313,21
0.123538589191231,21
0.0788029157191848,21
0.170158950444812,21
0.139846374751151,21
0.327186524143107,21
0.375516943885561,21
