"mape","daycounts"
0.206868935241656,28
0.26989647719156,28
0.245418748649604,28
0.244151969757221,28
0.418496138826392,28
0.4138645452731,28
0.242064913312428,28
0.227495366244324,28
0.44178674117859,28
0.413955276544197,28
0.496206893163094,28
0.296930794464856,28
0.173884900742141,28
0.338672908081571,28
