"mape","daycounts"
0.469128765522632,10
1.02837078761261,10
1.26555278437391,10
0.463604718967306,10
0.902342873581389,10
