"mape","daycounts"
1.37487411903497,14
1.28572391245792,14
0.934675263993824,14
1.02383238565844,14
0.611503241065252,14
0.860255904038383,14
0.958192461024084,14
