"mape","daycounts"
5.42093948857077,8
5.53014201542199,8
6.0756703690253,8
6.14275353144949,8
