"mape","daycounts"
0.209319913657826,28
0.268401841759065,28
0.245649717683671,28
0.244957850460058,28
0.420435244928905,28
0.414780811094027,28
0.240491747702454,28
0.227628951020373,28
0.442761654358586,28
0.415320154968551,28
0.497747135224349,28
0.293538074234519,28
0.173963853287957,28
0.336033942856856,28
