"mape","daycounts"
0.467999088510968,10
1.03180206832216,10
1.24700218512986,10
0.464123013560648,10
0.901744917126461,10
