"mape","daycounts"
3.85592266526145,10
4.36048735790393,10
3.44447672520046,10
7.96697148459236,10
7.08580752754225,10
