"mape","daycounts"
3.66856122183088,7
3.01569925590875,7
3.64388733990663,7
3.6181925650027,7
