"mape","daycounts"
0.783579321231646,20
0.755339470874142,20
0.679483836552804,20
0.991192965499118,20
0.747619270004982,20
0.791066808879345,20
0.56852170086268,20
0.707066873105124,20
0.464708059587094,20
1.27450870087988,20
