"mape","daycounts"
6.91508017525183,25
7.90825857997642,25
8.63547016311759,25
8.6561025242163,25
8.9115675639418,25
8.40321284948349,25
8.70444065740152,25
8.27192714021806,25
8.96503588783321,25
7.59399598002109,25
7.57163073992133,25
8.69987741665448,25
10.0390844049903,25
