"mape","daycounts"
1.22957784501055,25
2.17707675869078,25
1.29902675158646,25
1.79020803216363,25
0.528499600353953,25
0.749953687341062,25
0.406979062036446,25
1.39983896689749,25
1.03827828077509,25
1.16823899689306,25
0.732988233788951,25
1.06581254028869,25
