"mape","daycounts"
2.09412709423908,5
1.74710764709843,5
