"mape","daycounts"
8.01550852395243,8
8.41604479967902,8
7.86803941228154,8
9.05184214887589,8
