"mape","daycounts"
2.52091857257465,19
2.55590216917459,19
2.55352879109388,19
2.50960235160924,19
3.05109320526627,19
2.60341395865034,19
2.7350319128951,19
2.15640521882926,19
2.17172922965124,19
2.31908828850453,19
