"mape","daycounts"
1.74849502589912,22
1.98367262191341,22
1.88553056008506,22
1.92573028210187,22
1.81019148782718,22
1.80967861264068,22
1.94194937898807,22
1.62510086616884,22
1.62899984100334,22
2.35393743637641,22
2.95794486006131,22
