"mape","daycounts"
7.83074438086761,22
6.74375672899904,22
6.85794103199784,22
6.96308849713551,22
7.28017006499917,22
7.12661627153908,22
6.65321967825388,22
6.63534972117058,22
6.19791480169308,22
7.27747895387829,22
6.6133205459211,22
