"mape","daycounts"
2.26656351610264,10
1.85699253908873,10
0.981031008863226,10
1.09592062844214,10
1.25305218839849,10
