"mape","daycounts"
0.472279727279774,21
0.388872161638327,21
0.446408934180666,21
0.416379802883877,21
0.450767745979755,21
0.409557001898003,21
0.522977516930907,21
0.417347227101064,21
0.385096907859561,21
0.371474222487984,21
