"mape","daycounts"
0.303245417940867,23
0.293882947701805,23
0.321062146778442,23
0.331451544515964,23
0.385212184495628,23
0.316319233145512,23
0.332382999035248,23
0.36178357238331,23
0.336662617395123,23
0.376351350553483,23
0.365163431731332,23
