"mape","daycounts"
11.4357230290937,38
10.964301729057,38
9.81910722994453,38
9.62312601754037,38
10.6911008996095,38
7.26436560034202,38
7.48172329013771,38
8.68933311034668,38
8.41194925449758,38
8.27941611687303,38
8.01862275475212,38
7.41476132409004,38
7.10085621126002,38
7.9743995187646,38
7.95754272813742,38
8.43739121974972,38
13.8254710534478,38
13.1517056400594,38
14.5277704611651,38
