"mape","daycounts"
6.61147903983228,23
6.38088133797553,23
6.56512665845234,23
5.9093112870716,23
6.17340295631617,23
5.86945442891223,23
5.74793127478612,23
6.47589173228962,23
6.69563662074738,23
6.41933765848572,23
8.01832535178419,23
7.90914503010129,23
