"mape","daycounts"
1.47234442083237,45
1.49736702248187,45
1.53235785990819,45
1.54700937569635,45
1.94228762140337,45
1.42665068360656,45
1.7808644342775,45
1.62268367595519,45
1.53957431401444,45
1.68922331626443,45
1.67677386129083,45
1.57145432188616,45
1.56506526344117,45
1.54313926349854,45
1.41410027858279,45
1.83180882692036,45
1.51031738911141,45
1.57190071633499,45
1.29399695456954,45
1.46884254912836,45
1.13840950265476,45
2.27439797301282,45
