"mape","daycounts"
0.38910749702594,8
0.479173918005744,8
0.37041438854215,8
0.499712114813263,8
