"mape","daycounts"
1.80075896324723,10
1.92910832810775,10
1.58143469026652,10
1.77583198732063,10
1.80445465510867,10
