"mape","daycounts"
2.03080603939863,23
1.85380912095312,23
2.13134923423537,23
2.44069763528598,23
1.94213473788233,23
1.82881269057381,23
1.47536294263082,23
1.38109629455602,23
1.4840817162588,23
2.55913974829014,23
3.25837685969454,23
3.2538921111494,23
