"mape","daycounts"
6.55583074048816,21
5.8437768459288,21
6.94403129444294,21
7.14357246921941,21
7.37249536328271,21
5.15586251177542,21
6.43337934806051,21
6.57065685954715,21
5.41828006586345,21
6.5849067092377,21
6.94667994774995,21
