"mape","daycounts"
4.74704623648274,24
3.38130591329913,24
3.94968768794424,24
2.29626698506474,24
2.29409085004399,24
4.37177543864607,24
3.74796944757566,24
27.1433854754662,24
30.7962925021453,24
34.9060107238973,24
34.2841231902831,24
37.5724655974636,24
