"mape","daycounts"
7.88422905859062,21
7.43488624945164,21
8.98384977284955,21
7.96508339060835,21
8.0458122767469,21
7.86220338632605,21
8.95571095122811,21
6.61581338443382,21
8.51347060532858,21
8.15604145451391,21
