"mape","daycounts"
0.455865881377335,21
0.0984130159180595,21
0.072601366362596,21
0.086784676962146,21
0.123356521527144,21
0.0792381336259227,21
0.169701787962815,21
0.140114923142477,21
0.327515714588899,21
0.377029296347395,21
