"mape","daycounts"
23.5418485061924,35
25.421639628623,35
35.4504398362601,35
29.5170869081075,35
33.955245345511,35
32.3078834171734,35
34.8954396189633,35
28.5705131714805,35
36.830105964896,35
37.8150329680112,35
32.5798518944821,35
22.2818224524592,35
28.5400930386323,35
30.4203471865264,35
25.5692419565333,35
37.4043879765435,35
36.9951266612359,35
