"mape","daycounts"
5.74351520328082,28
6.53549573510489,28
5.55611070503149,28
5.28919202121165,28
4.50364324920356,28
5.32843469087342,28
5.3403379040263,28
5.67039783199576,28
7.70293904898022,28
6.80443554815286,28
7.39665892488294,28
6.00235221846319,28
6.16264630741199,28
5.519037814896,28
