"mape","daycounts"
1.74867024315028,22
1.9838862069083,22
1.88544842976494,22
1.92578051740428,22
1.81013482927081,22
1.80932625345826,22
1.9415911571881,22
1.62529000487267,22
1.62919450290712,22
2.35395000137016,22
2.95838739009201,22
