"mape","daycounts"
0.47053763745491,10
1.03292642741508,10
1.24711412054788,10
0.466609857039625,10
0.906849952981613,10
