"mape","daycounts"
2.40741598057478,21
2.36353702339649,21
2.34836865461092,21
2.25614041090929,21
2.19581733369872,21
2.21573914581335,21
2.18007793702601,21
2.24338722129529,21
1.63042934431994,21
2.45431678546907,21
2.41111377279939,21
