"mape","daycounts"
11.436718090173,38
10.9637112438095,38
9.81922516217108,38
9.62350543792898,38
10.6915694957252,38
7.26360676820333,38
7.47817943523509,38
8.69042126128911,38
8.41175153853854,38
8.27984705447572,38
8.01848358385911,38
7.41509883447207,38
7.10064192321785,38
7.97451958727076,38
7.95792695064607,38
8.43747340859404,38
13.8261111281384,38
13.1518836901111,38
14.5284693154442,38
