"mape","daycounts"
2.52369045305589,19
2.55600455117824,19
2.55383357297463,19
2.50959771810034,19
3.05112579553314,19
2.6035783771924,19
2.7352405754985,19
2.1565266218878,19
2.17171755898908,19
2.31900477960592,19
