"mape","daycounts"
6.55560030042824,21
5.84388934369144,21
6.94406315376294,21
7.14280254398649,21
7.3725592229641,21
5.15556180637653,21
6.43371402310226,21
6.57052407073915,21
5.41780064374608,21
6.58472337449064,21
6.94643211246924,21
