"mape","daycounts"
1.37330814123834,14
1.28567296105254,14
0.935336046903143,14
1.02353849047601,14
0.611233629848176,14
0.859839800442992,14
0.957970936491517,14
