"mape","daycounts"
4.74698175813562,24
3.38154433973626,24
3.94935050597605,24
2.29629200872467,24
2.29432490194303,24
4.37202063205575,24
3.74790625660044,24
27.1416223147287,24
30.7948959351399,24
34.905610014388,24
34.2832166397673,24
37.5696348598661,24
