"mape","daycounts"
7.83102671960962,22
6.74373564993565,22
6.85767362207155,22
6.96275150318656,22
7.28026442146413,22
7.12696777426673,22
6.65235237342884,22
6.63540183606879,22
6.19766602027395,22
7.27817425060002,22
6.61253394206502,22
