"mape","daycounts"
2.09198417401032,5
1.74354972561261,5
