"mape","daycounts"
1.47236414580242,45
1.49758931860611,45
1.53201407515227,45
1.54716843049945,45
1.94239560136528,45
1.42653930054566,45
1.78099948614935,45
1.6228004190781,45
1.53974460312836,45
1.68958289488367,45
1.67732424096347,45
1.57167560745047,45
1.56515726107131,45
1.5428002927367,45
1.41433342052798,45
1.83179486267434,45
1.51030253543461,45
1.57190592644212,45
1.2941244186473,45
1.46849024644747,45
1.13920364375041,45
2.27439066002855,45
