"mape","daycounts"
1.80064151378821,10
1.92796849423243,10
1.5801069433805,10
1.77486629901678,10
1.80397639474474,10
