"mape","daycounts"
6.61146151848128,23
6.38114834891847,23
6.56434912919367,23
5.90944012515961,23
6.17402516755303,23
5.86879895624829,23
5.74771292943912,23
6.47569596526644,23
6.69581494782065,23
6.41977968770226,23
8.01878140701325,23
7.90957543878027,23
