"mape","daycounts"
6.91496223857488,25
7.908243229394,25
8.6358916787687,25
8.65578605487023,25
8.911659576551,25
8.40297059498116,25
8.70456645378688,25
8.27227524758416,25
8.96575682160664,25
7.59575175131431,25
7.57241687961389,25
8.69991312691787,25
10.0388689794449,25
