"mape","daycounts"
0.209422913094371,28
0.264000064329189,28
0.240275754779788,28
0.245818388037379,28
0.417344344664488,28
0.4153825892762,28
0.241540272660646,28
0.227909061066156,28
0.444112901702373,28
0.417486217098414,28
0.499373517655021,28
0.288255286560194,28
0.174564748148171,28
0.331359129669565,28
