"mape","daycounts"
0.471785703509517,21
0.388059310830256,21
0.445601315520032,21
0.416173823054742,21
0.449551168544994,21
0.404874584681917,21
0.526074664220102,21
0.416763150674939,21
0.382949282053464,21
0.364486589326811,21
