"mape","daycounts"
23.5420743134325,35
25.4213151015106,35
35.4510563437752,35
29.5181588763477,35
33.954921311399,35
32.3086659583361,35
34.8965057650794,35
28.5712387286094,35
36.8299394831162,35
37.8149176624146,35
32.5796007782818,35
22.2817144993578,35
28.540477331106,35
30.4207644384589,35
25.5694292164489,35
37.4055507344943,35
36.9942238495043,35
