"mape","daycounts"
0.783582558164885,20
0.755337999268354,20
0.679494285005662,20
0.991076546127854,20
0.747598847203189,20
0.791015541169003,20
0.5685355183893,20
0.707145602452278,20
0.46466966082504,20
1.27449408555301,20
