"mape","daycounts"
3.85577144105617,10
4.35861894934525,10
3.44148926881574,10
7.96436757331456,10
7.08174890044837,10
