"mape","daycounts"
0.455874319053035,21
0.0963944062949287,21
0.0725987748666704,21
0.0872439752537827,21
0.123871882089403,21
0.0795092053752839,21
0.170531322361941,21
0.146722307755003,21
0.327512618297546,21
0.376974411431049,21
