"mape","daycounts"
1.22924563218689,25
2.17703179138472,25
1.29957723082587,25
1.78955429075295,25
0.527773109400668,25
0.750230625304663,25
0.406957360832931,25
1.40069280403035,25
1.0383447834379,25
1.16920005840697,25
0.733198356530736,25
1.06706654778778,25
