"mape","daycounts"
7.8841552486118,21
7.43470104171462,21
8.98367770852865,21
7.9650165169318,21
8.04605940826706,21
7.86238781345508,21
8.95640697197095,21
6.61540341601429,21
8.51386631962448,21
8.15641570009307,21
