"mape","daycounts"
3.67016985403368,7
3.01875283831332,7
3.64583638472697,7
3.61877949897496,7
