"mape","daycounts"
8.01495083506505,8
8.41545354626235,8
7.86726475044345,8
9.04838955944413,8
