"mape","daycounts"
0.388404387529623,8
0.475334917870761,8
0.369347961657897,8
0.498211689599411,8
