"mape","daycounts"
0.302322550002162,23
0.294524099010173,23
0.32054031980306,23
0.330889694050344,23
0.385019657318154,23
0.315088411825524,23
0.331448799103206,23
0.360511406000047,23
0.336168850118581,23
0.376025150229857,23
0.364651324309983,23
