"mape","daycounts"
2.26186224070764,10
1.85347146846845,10
0.980167774694806,10
1.09540753760857,10
1.25294037303518,10
