"mape","daycounts"
1.99910195447305,22
1.61021696035157,22
1.47362675075063,22
1.04363395326507,22
1.13862418177194,22
1.75390949576368,22
1.41927382680172,22
1.67456602558646,22
1.23478794000361,22
1.28438985946923,22
1.1059634444741,22
