"mape","daycounts"
2.03072669775233,23
1.85392304174295,23
2.13127465383695,23
2.4413846738427,23
1.94212966645366,23
1.82885960749519,23
1.47537949038919,23
1.38117328122508,23
1.48406369997406,23
2.55910936474125,23
3.25853720732923,23
3.25437242433747,23
