"mape","daycounts"
5.42194822576849,8
5.5324922864292,8
6.07629407116753,8
6.14284904481447,8
