"mape","daycounts"
7.83103200904391,22
6.74447334489297,22
6.85794462798248,22
6.96266804147303,22
7.28020325692161,22
7.12705803878014,22
6.65351690030683,22
6.63594160555741,22
6.19844924655452,22
7.27713423894329,22
6.61263351105527,22
