"mape","daycounts"
2.52318923426537,19
2.5560080738604,19
2.55385203411407,19
2.50949275816142,19
3.05111174872593,19
2.60357877907095,19
2.7352738445491,19
2.15648204485502,19
2.17195240227646,19
2.31907809771469,19
