"mape","daycounts"
2.09197742320911,5
1.74401255454372,5
