"mape","daycounts"
2.4072900169235,21
2.36281730822851,21
2.34901120689474,21
2.25582967334238,21
2.19590365265346,21
2.21512063035619,21
2.1793733344722,21
2.24283046589708,21
1.63059475089758,21
2.4553782907287,21
2.41195458812677,21
