"mape","daycounts"
2.26159212812698,10
1.84723115221709,10
0.976727191419379,10
1.09370662692821,10
1.2519251820042,10
