"mape","daycounts"
0.300915908852116,23
0.292666676110035,23
0.32047689812996,23
0.331694398233174,23
0.384945896155214,23
0.316595663796618,23
0.331283547425587,23
0.360925420584214,23
0.336112163744224,23
0.37597827660459,23
0.363755406548812,23
