"mape","daycounts"
7.88421272520849,21
7.43456092048151,21
8.98390704768389,21
7.96482474155948,21
8.04607099024166,21
7.86265632227197,21
8.95658698336047,21
6.61552184971759,21
8.51376952861303,21
8.15635107314231,21
