"mape","daycounts"
1.79993086535465,10
1.92618894521763,10
1.57773736740878,10
1.77388714310491,10
1.80288020205003,10
