"mape","daycounts"
11.4362258285075,38
10.9635138361323,38
9.81917848898591,38
9.62342098013593,38
10.6916119496176,38
7.2636778093863,38
7.4793498682059,38
8.69086519422371,38
8.41277929782417,38
8.28001840791483,38
8.01891444247079,38
7.41516507140546,38
7.10083831024979,38
7.97427969004675,38
7.95804011664272,38
8.43747567581849,38
13.8271093947003,38
13.1517320663834,38
14.5279392928475,38
