"mape","daycounts"
3.8563927219098,10
4.36363439599369,10
3.44835278764299,10
7.96885796062627,10
7.08474436954297,10
