"mape","daycounts"
23.5423938978378,35
25.4212867751194,35
35.4515955318784,35
29.5193384678088,35
33.9548430893482,35
32.3088833128488,35
34.8971605558409,35
28.5715407664885,35
36.8298534002766,35
37.8147148390747,35
32.5795478561675,35
22.2819950714464,35
28.5405504516296,35
30.4209984423317,35
25.5667731725677,35
37.4057646422858,35
36.9945138790225,35
