"mape","daycounts"
6.55528250933527,21
5.84338040808083,21
6.94762247863419,21
7.1421563572748,21
7.37097721688365,21
5.15454609851393,21
6.43261086092359,21
6.56933856648621,21
5.41737639786487,21
6.58325545898091,21
6.94443673421586,21
