"mape","daycounts"
0.451183467823198,21
0.0962824637412362,21
0.0719923485781408,21
0.0874163008047172,21
0.123269442124331,21
0.07973189190714,21
0.168561462781557,21
0.144563357649978,21
0.327518975454175,21
0.375363790266123,21
