"mape","daycounts"
2.0305157708708,23
1.85432518298124,23
2.13192570550079,23
2.44544510471633,23
1.94231638912114,23
1.82858806356908,23
1.47562760385888,23
1.38161256844045,23
1.48395006983867,23
2.5600374193113,23
3.25850094636209,23
3.25402304303263,23
