"mape","daycounts"
0.209432302327386,28
0.263418959017159,28
0.239533892584382,28
0.24336349810537,28
0.416663204736137,28
0.415064844740972,28
0.241496007674707,28
0.227820495084053,28
0.444593478192488,28
0.417808151334876,28
0.500747778473068,28
0.287829832847674,28
0.174423133310468,28
0.330653744982517,28
