"mape","daycounts"
8.01502026756453,8
8.41522519439315,8
7.86726829145052,8
9.04813375230435,8
