"mape","daycounts"
1.47246641806633,45
1.49755710584885,45
1.5318139075889,45
1.547316774041,45
1.94234051033182,45
1.42657264960087,45
1.78162383985912,45
1.62272717486621,45
1.53989968573888,45
1.68960041054812,45
1.67700468274161,45
1.57177132835661,45
1.5653212942376,45
1.54263983753341,45
1.41470984408794,45
1.83193994010856,45
1.50995133757283,45
1.57203041059275,45
1.29449552718458,45
1.46818752120134,45
1.13956552052898,45
2.27453382667287,45
