"mape","daycounts"
1.3734761671343,14
1.28587160879926,14
0.935381245214311,14
1.02348548337499,14
0.611133825583942,14
0.859813798312004,14
0.95795703953218,14
