"mape","daycounts"
1.22940615344163,25
2.17672835489492,25
1.29737067080623,25
1.78746701818122,25
0.527367424770858,25
0.750095267575652,25
0.406596123562757,25
1.40046448566596,25
1.03827855095078,25
1.16923732401544,25
0.733278090455804,25
1.06737832324192,25
