"mape","daycounts"
6.91378177871703,25
7.90806147264259,25
8.63594576570963,25
8.65554860275705,25
8.9112098961264,25
8.4027418574936,25
8.7028460696219,25
8.27086108388605,25
8.96446238641111,25
7.59626020232814,25
7.57299749777832,25
8.70190042009596,25
10.039750494463,25
