"mape","daycounts"
3.67043579792249,7
3.02043095133885,7
3.64699560016513,7
3.6193994844695,7
