"mape","daycounts"
2.00270824464757,22
1.60991020585006,22
1.4734163058396,22
1.0479329546954,22
1.14359407697968,22
1.75789143783471,22
1.42661159504132,22
1.67652656917271,22
1.23699927332462,22
1.28657289908447,22
1.1065728899473,22
