"mape","daycounts"
0.783213923283199,20
0.757409550531228,20
0.678473544289803,20
0.991589927536978,20
0.74834938108352,20
0.790913551814804,20
0.569007468245868,20
0.708718659432482,20
0.462513131947722,20
1.27395780261596,20
