"mape","daycounts"
1.7499146446198,22
1.98301012908036,22
1.8850642246445,22
1.92522552615325,22
1.81154744798309,22
1.80882670792964,22
1.94088839223526,22
1.62563310254451,22
1.62896006899354,22
2.35389564442082,22
2.96036123549257,22
