"mape","daycounts"
0.388421321595971,8
0.476269407180973,8
0.369347342515312,8
0.495694975418437,8
