"mape","daycounts"
0.473427540556224,21
0.389945364406658,21
0.44556365297171,21
0.415239784274375,21
0.448510794104843,21
0.408805546929403,21
0.523548049464909,21
0.416071587224958,21
0.382755969172238,21
0.362483487959006,21
