"mape","daycounts"
5.42158545236145,8
5.5314395593343,8
6.07640533482019,8
6.14277494378476,8
