"mape","daycounts"
0.470926458930294,10
1.03305294925016,10
1.25089314613883,10
0.46875930921863,10
0.907513704747434,10
