"mape","daycounts"
5.74352172768457,28
6.53549630120799,28
5.55611093420906,28
5.28919573916575,28
4.50364514738835,28
5.32844270236075,28
5.34032682489566,28
5.67039134141953,28
7.70293382074571,28
6.80442546756739,28
7.39666240958747,28
6.00239628198505,28
6.16264833212298,28
5.51905082888956,28
