"mape","daycounts"
12.304314201284,41
11.4622750030668,41
11.3186364084628,41
19.6243096276132,41
19.0317978521021,41
12.4068138594589,41
12.4199433549701,41
11.6717278812507,41
11.3449620295681,41
12.3209067237015,41
11.4720089659136,41
12.3641136894947,41
12.542393620404,41
12.1759122966556,41
12.0614246548652,41
11.9871063811622,41
12.105135712762,41
12.6141609308736,41
15.9415186659235,41
16.452339063288,41
