"mape","daycounts"
11.4362249640076,38
10.9642179488973,38
9.81969933135884,38
9.62265951031256,38
10.6924085130724,38
7.26343018451833,38
7.47899331239324,38
8.69188475268686,38
8.41463440795856,38
8.27957924215458,38
8.01906955499926,38
7.4149865251346,38
7.1008241515607,38
7.97341425327068,38
7.9577131748934,38
8.4378481393714,38
13.8271809595905,38
13.1521175555052,38
14.5288628005351,38
