"mape","daycounts"
5.74342872142062,28
6.53548315820814,28
5.55602354819364,28
5.28869172440006,28
4.50271078497273,28
5.32911075064644,28
5.33925171469382,28
5.66878027104596,28
7.70480673513666,28
6.80673208478123,28
7.3975607482026,28
6.00269444275091,28
6.16406761858919,28
5.51886581197923,28
