"mape","daycounts"
0.782964001959132,20
0.757172247406502,20
0.677898837659192,20
0.991603636670402,20
0.74823679071926,20
0.79111946456593,20
0.569327773325062,20
0.709242205368917,20
0.462313782136497,20
1.27334751759205,20
