"mape","daycounts"
2.0949476801107,5
1.74703414362625,5
