"mape","daycounts"
2.00283867812934,22
1.60920285355563,22
1.47212624138946,22
1.04687278304073,22
1.14337865714576,22
1.75754981117037,22
1.42673793744686,22
1.67599418196039,22
1.23589421829281,22
1.28585004300098,22
1.1055203362308,22
