"mape","daycounts"
0.469253131813245,10
1.03623038964688,10
1.24921313879472,10
0.450391967317017,10
0.911889535658664,10
