"mape","daycounts"
1.22823829930033,25
2.17650320471707,25
1.29657564619832,25
1.78728650342988,25
0.528186374235139,25
0.749631438695872,25
0.407420467729284,25
1.40524114656012,25
1.03756812768324,25
1.16966687228813,25
0.732579398664217,25
1.06664777062737,25
