"mape","daycounts"
5.41818109111391,8
5.52770125433725,8
6.07266421058233,8
6.14411434998675,8
