"mape","daycounts"
1.79998790177853,10
1.92659936840192,10
1.578316492313,10
1.77410047685229,10
1.80320464889288,10
