"mape","daycounts"
4.74404163820573,24
3.37993521944751,24
3.94858656680152,24
2.29778738911445,24
2.29467428522017,24
4.37604749308568,24
3.75140136843511,24
27.1119821028727,24
30.7913531016387,24
34.9227169335486,24
34.2864008976008,24
37.5629295883134,24
