"mape","daycounts"
2.26122110914693,10
1.85569666981135,10
0.98171517025424,10
1.09561884007578,10
1.25387347674002,10
