"mape","daycounts"
0.300595003740512,23
0.292815636773764,23
0.320521623095433,23
0.331762967858921,23
0.384741116002561,23
0.316846561924533,23
0.331032722317433,23
0.360306476035706,23
0.336481190510426,23
0.375607999447642,23
0.363558752944828,23
