"mape","daycounts"
0.386457480950711,8
0.476313626710684,8
0.372775115707831,8
0.495637637884769,8
