"mape","daycounts"
0.209336478685876,28
0.26340434280843,28
0.239474321226564,28
0.243504994793335,28
0.416586588357968,28
0.415063046918308,28
0.241742292029917,28
0.227685071517334,28
0.444590360222105,28
0.417836822295506,28
0.500734510538499,28
0.287754924103482,28
0.175904707922073,28
0.330640522419826,28
