"mape","daycounts"
2.03044619174358,23
1.85424346216509,23
2.13184741762818,23
2.44545522470911,23
1.94229930305923,23
1.82861898041902,23
1.47562219169485,23
1.38157105079461,23
1.48397183825546,23
2.56005450038007,23
3.25841589783112,23
3.25372686196034,23
