"mape","daycounts"
8.01642175700914,8
8.41312815232939,8
7.86293518145348,8
9.05532946041302,8
