"mape","daycounts"
3.66922047317162,7
3.01980129809927,7
3.64665340183172,7
3.61942871651433,7
