"mape","daycounts"
0.45109128494536,21
0.0968520456478809,21
0.0723681835671174,21
0.0871775360279601,21
0.123780525514226,21
0.0782966871731132,21
0.168414213609622,21
0.149199709642818,21
0.327556955990582,21
0.375332818602485,21
