"mape","daycounts"
6.5551651496592,21
5.84259905099657,21
6.9464374031696,21
7.14076724183357,21
7.36929254874034,21
5.15372285998377,21
6.4305003390013,21
6.56375984775015,21
5.41474038934075,21
6.58007892809645,21
6.94240408102032,21
