"mape","daycounts"
1.3740896502595,14
1.28895565660859,14
0.935572939410421,14
1.02424658603627,14
0.613218628992029,14
0.861898610362491,14
0.958491313809935,14
