"mape","daycounts"
6.61485921111185,23
6.37646926893116,23
6.56177945116112,23
5.90843276475844,23
6.1721986225087,23
5.87052049329559,23
5.7488385899233,23
6.47928205380953,23
6.69099280197248,23
6.41355516733455,23
8.02030961224649,23
7.90570137838739,23
