"mape","daycounts"
6.91499296162935,25
7.90937100446986,25
8.63727911947989,25
8.65805285396998,25
8.91180501289106,25
8.40397848107587,25
8.70566372257924,25
8.27338048020165,25
8.96573044552626,25
7.59708325488541,25
7.57557894766462,25
8.70135524700799,25
10.0395099041809,25
