"mape","daycounts"
12.3043262521236,41
11.4623114440446,41
11.3186292910343,41
19.6243475019521,41
19.0318222654116,41
12.406839815885,41
12.4199266350623,41
11.6715381696825,41
11.3449582806932,41
12.32095654019,41
11.4720447756098,41
12.3653372132755,41
12.5423962137222,41
12.1759216861941,41
12.0614418541913,41
11.987141420706,41
12.1051638687288,41
12.6141546861264,41
15.9415152296856,41
16.4523327455283,41
