"mape","daycounts"
3.85606871819813,10
4.3615470842353,10
3.44605769994648,10
7.96941676369357,10
7.08616136370213,10
