"mape","daycounts"
7.83109657125797,22
6.74442873725593,22
6.85787287185246,22
6.96268304194933,22
7.28015949116819,22
7.12703484755457,22
6.65351865406271,22
6.63594094061518,22
6.19846220630421,22
7.27734925131586,22
6.61260849372254,22
