"mape","daycounts"
0.475509016041977,21
0.390889871918083,21
0.447029314672355,21
0.415325986515878,21
0.448592878705633,21
0.410339835360042,21
0.525684141998861,21
0.41327627072484,21
0.381333032922974,21
0.362323974051874,21
