"mape","daycounts"
1.3765627319664,14
1.29127467971102,14
0.935201307990404,14
1.02566633447143,14
0.613176450177267,14
0.861752185313479,14
0.957972035557688,14
