"mape","daycounts"
5.42124140645042,8
5.53530596344802,8
6.07654684351591,8
6.14794593705972,8
