"mape","daycounts"
11.436159863243,38
10.9642717127875,38
9.81971730922835,38
9.62265163817025,38
10.6924331184978,38
7.26342114385883,38
7.47896373528187,38
8.69188931163523,38
8.41456235553671,38
8.27958854338275,38
8.01908564381587,38
7.41498752381582,38
7.10082326222315,38
7.97341616261774,38
7.95766007549421,38
8.43778389652861,38
13.8271973339811,38
13.1521202478098,38
14.5288616081636,38
