"mape","daycounts"
0.47610247233606,21
0.391378060826364,21
0.446422274152346,21
0.415070992405257,21
0.448517544513974,21
0.410344563851768,21
0.525442166386516,21
0.41590175337368,21
0.382687738771283,21
0.361145928045289,21
