"mape","daycounts"
8.0161613022802,8
8.41341376844332,8
7.86216042748214,8
9.05553155779279,8
