"mape","daycounts"
4.74393197475493,24
3.37998748771026,24
3.94857657059502,24
2.29797072210436,24
2.2949768458456,24
4.37614008077886,24
3.75141193187467,24
27.1110382299332,24
30.7916123094419,24
34.9181428827578,24
34.2838619198596,24
37.5649906531072,24
