"mape","daycounts"
2.09448564168349,5
1.74681402373117,5
