"mape","daycounts"
12.3042777555986,41
11.4624683572636,41
11.3186560791302,41
19.6251766825135,41
19.0326276523877,41
12.4070871316218,41
12.4200983480593,41
11.6722637199988,41
11.3449626637656,41
12.321070857972,41
11.4722844073216,41
12.3688493897509,41
12.5422255834113,41
12.1757892487106,41
12.0615729305608,41
11.9874900348215,41
12.1053364122067,41
12.6145373356336,41
15.9418320565994,41
16.4525463326967,41
