"mape","daycounts"
2.00283263775556,22
1.60927286138013,22
1.47196809201748,22
1.04687326002928,22
1.14332415957967,22
1.75756520571802,22
1.42665312769425,22
1.67595923707971,22
1.23574050207916,22
1.28581991794145,22
1.10537979991448,22
