"mape","daycounts"
0.782311742638574,20
0.757194818917243,20
0.677225613457277,20
0.992482652789117,20
0.74923622677066,20
0.79169218035091,20
0.569710437759662,20
0.708022851106192,20
0.462821803041663,20
1.27405354030882,20
