"mape","daycounts"
3.85575994031185,10
4.36185200733971,10
3.44464791524204,10
7.9665912822423,10
7.08466899212334,10
