"mape","daycounts"
6.61469068943657,23
6.37637752814449,23
6.56307247819795,23
5.90820673933887,23
6.17196861965728,23
5.87024551432476,23
5.74866699651789,23
6.47948552719518,23
6.69110222063938,23
6.41401302650746,23
8.01983906102812,23
7.90555912369915,23
