"mape","daycounts"
7.8842834221487,21
7.4342191151096,21
8.98435530034016,21
7.97077291482659,21
8.04727560839355,21
7.86215748956853,21
8.95857790086757,21
6.61399412872253,21
8.51335635907586,21
8.15625621138284,21
