"mape","daycounts"
1.2276314295929,25
2.17649928260186,25
1.29728195205437,25
1.78760249621389,25
0.528185212340094,25
0.749688029799428,25
0.40739659577207,25
1.40460805104319,25
1.03762839987138,25
1.16971876425031,25
0.732652192972329,25
1.06692262411609,25
