"mape","daycounts"
0.456574310368546,10
1.04424332510172,10
1.2381272251265,10
0.454649191576422,10
0.913177732409672,10
