"mape","daycounts"
0.208906982732153,28
0.263913823987293,28
0.241523069547291,28
0.243311325942781,28
0.417788039720853,28
0.41537462307636,28
0.243185770515914,28
0.226911548348682,28
0.444366556483638,28
0.417355716666163,28
0.500303365681397,28
0.290380500221055,28
0.176001951377645,28
0.331312667083965,28
