"mape","daycounts"
0.451513720156124,21
0.0972130170279506,21
0.0717942920673619,21
0.087693836456905,21
0.123619089488501,21
0.0789030129674381,21
0.168609092652982,21
0.148976482649109,21
0.327649564275896,21
0.375664315948968,21
