"mape","daycounts"
1.79879285227258,10
1.92802634385767,10
1.57663404986087,10
1.77256782723931,10
1.80175578692944,10
