"mape","daycounts"
2.02966550581145,23
1.85339034539258,23
2.13045432372477,23
2.44993436424493,23
1.94268586036696,23
1.82901265203372,23
1.47581280857899,23
1.38105479096741,23
1.48321317452474,23
2.56107534192967,23
3.26073579951619,23
3.25629390578736,23
