"mape","daycounts"
0.389640273330671,8
0.478529344813562,8
0.378892528774206,8
0.495058104382212,8
