"mape","daycounts"
0.301386806031355,23
0.294407813045499,23
0.321018841761636,23
0.332288399938533,23
0.384484282008883,23
0.317195551471802,23
0.330613669177195,23
0.360132228114779,23
0.334875204497343,23
0.375822282670252,23
0.362431323826399,23
