"mape","daycounts"
3.66598933325666,7
3.02137522621568,7
3.6517653344744,7
3.62336086261776,7
