"mape","daycounts"
1.47319440777395,45
1.49743498063835,45
1.53183910647253,45
1.54690077326215,45
1.94186076498483,45
1.42599296299153,45
1.78134425723474,45
1.6231755389428,45
1.54036789526891,45
1.68984308611994,45
1.67497288916867,45
1.57224441754782,45
1.56599707221889,45
1.54319120915245,45
1.41529117285516,45
1.8324341891929,45
1.50936379168164,45
1.57254978350704,45
1.29455701090673,45
1.46751419099983,45
1.13841864155917,45
2.27446458596119,45
