"mape","daycounts"
2.52417851473866,19
2.55612433637104,19
2.55346769029495,19
2.50930905381673,19
3.05465171112445,19
2.60420792755271,19
2.73548123563554,19
2.15673562919685,19
2.17141251116916,19
2.31901036085447,19
