"mape","daycounts"
1.7485857187681,22
1.98054356341803,22
1.88317637037049,22
1.92187539216052,22
1.81019716090194,22
1.80697199042693,22
1.93665910423687,22
1.63101636137422,22
1.63327441346146,22
2.35536625994931,22
2.96580242695328,22
