"mape","daycounts"
7.83129720198437,22
6.7443837280669,22
6.85829683470738,22
6.96315315630751,22
7.2813893223125,22
7.12665140462462,22
6.6534160228267,22
6.63608170369387,22
6.19852651591027,22
7.27680651380783,22
6.61422499753039,22
