"mape","daycounts"
23.5421725945874,35
25.4210767465513,35
35.4516274128699,35
29.5191076777822,35
33.954578325709,35
32.3086320108682,35
34.8969157893303,35
28.5711227545854,35
36.8295076807079,35
37.8142910411538,35
32.5794902256441,35
22.2814351926323,35
28.5403324391947,35
30.4213348428291,35
25.5662925325432,35
37.4053254482233,35
36.9944366231296,35
