"mape","daycounts"
2.26172944887745,10
1.85611474557312,10
0.98073245977557,10
1.09475014779972,10
1.25373695612106,10
