"mape","daycounts"
2.40699160048015,21
2.36290476351877,21
2.34963847198384,21
2.25585037150888,21
2.19538063821699,21
2.21405203604183,21
2.17958814201903,21
2.24236805845333,21
1.62885097342287,21
2.45727049866875,21
2.41401544942917,21
