"mape","daycounts"
5.74367122628166,28
6.5354042078477,28
5.55617586679312,28
5.28898592032526,28
4.50296903955541,28
5.32919691207315,28
5.33930327877138,28
5.66884125867943,28
7.7043254203596,28
6.80648296981683,28
7.3974795402034,28
6.00264730635196,28
6.16394764519339,28
5.51933084549099,28
