"mape","daycounts"
2.26359797873481,10
1.85779051916091,10
0.982087213933106,10
1.09540362264702,10
1.25436288615202,10
