"mape","daycounts"
23.5421820293907,35
25.4210035058125,35
35.4514806218836,35
29.5189439789175,35
33.9545410943841,35
32.3085525664433,35
34.8969759010101,35
28.5710434572962,35
36.8292901211877,35
37.8143137806511,35
32.57955220401,35
22.2816749554904,35
28.5403922138216,35
30.4216553807964,35
25.5662837327988,35
37.4052390309693,35
36.9944218405549,35
