"mape","daycounts"
0.461054393578792,10
1.0411823391296,10
1.2184351192776,10
0.453370322826405,10
0.913556919102002,10
