"mape","daycounts"
2.09545776122788,5
1.74835182515243,5
