"mape","daycounts"
2.52280033081513,19
2.55631323085574,19
2.55186093373504,19
2.50786796131384,19
3.0504296996372,19
2.60272409367079,19
2.73542612760172,19
2.15574328290559,19
2.16868046296791,19
2.31522145521615,19
