"mape","daycounts"
7.83220659954724,22
6.74474216056238,22
6.85857647803404,22
6.96304374809779,22
7.281880663661,22
7.12634005031783,22
6.65343745809272,22
6.63562797816162,22
6.1991948353644,22
7.27704185896628,22
6.61412500339105,22
