"mape","daycounts"
1.47328735395486,45
1.49750599008753,45
1.53217002217339,45
1.54717075725993,45
1.94208964970317,45
1.42580884548548,45
1.78138196581824,45
1.62364529145557,45
1.54042520278538,45
1.68982531989801,45
1.67431349285476,45
1.57243912414566,45
1.56597076130811,45
1.54289200577539,45
1.41508746948724,45
1.83246591483921,45
1.50900581611643,45
1.57291430978129,45
1.29463740122823,45
1.46785914516074,45
1.13840269708693,45
2.27377630442404,45
