"mape","daycounts"
0.207626289176269,28
0.2621439883799,28
0.238572753028819,28
0.241771836711463,28
0.416663035664655,28
0.415059627067908,28
0.242348676057992,28
0.226899483979107,28
0.445397392767481,28
0.418679914406115,28
0.500982718736044,28
0.284947820922094,28
0.175643588564573,28
0.329358344756942,28
