"mape","daycounts"
2.00342880161201,22
1.61003471533676,22
1.47262827745161,22
1.04719317185806,22
1.14326157424427,22
1.7576534170704,22
1.42744867419561,22
1.67621329768756,22
1.23619322478019,22
1.28620692845855,22
1.1060332560599,22
