"mape","daycounts"
11.4353827005613,38
10.9646574597874,38
9.82013775076883,38
9.62223037065425,38
10.6933322107807,38
7.26342796796117,38
7.48185826105257,38
8.69213919229627,38
8.41431854299349,38
8.27891163973427,38
8.01919021924598,38
7.41447162658264,38
7.10051646614305,38
7.97335117075528,38
7.95718166090633,38
8.43791051715936,38
13.8229406222614,38
13.150935363408,38
14.5266739307296,38
