"mape","daycounts"
0.388708886283553,8
0.478093112708418,8
0.377879216945653,8
0.494792439589766,8
