"mape","daycounts"
1.79882428133888,10
1.9281594692527,10
1.57687849378003,10
1.7725742620306,10
1.80176812598302,10
