"mape","daycounts"
5.74332135719621,28
6.53546491287945,28
5.55578990994476,28
5.28844259862787,28
4.50251067491429,28
5.32929850388947,28
5.33939597461345,28
5.66925891546658,28
7.70436860132474,28
6.80515913317266,28
7.39744943119129,28
6.00236369107552,28
6.16388638393353,28
5.51879445488524,28
