"mape","daycounts"
0.301468792593688,23
0.294908450616128,23
0.321058395467412,23
0.332050414956081,23
0.384007717097193,23
0.317402251630177,23
0.330752368124399,23
0.360205670863077,23
0.334870503039685,23
0.375877082070628,23
0.36189923220459,23
