"mape","daycounts"
3.85650173665295,10
4.36222198464766,10
3.4445658525196,10
7.96941698551625,10
7.08722565238101,10
