"mape","daycounts"
1.74888841973159,22
1.980830906251,22
1.88195584198683,22
1.92189005711528,22
1.80995497182868,22
1.80783921338633,22
1.93735921431366,22
1.63022700325575,22
1.63271701755751,22
2.35512245148669,22
2.96628551600479,22
