"mape","daycounts"
2.03054365305386,23
1.85501327819215,23
2.13200291701035,23
2.44591949942913,23
1.94288271170804,23
1.82876268809799,23
1.47668098585563,23
1.38071896144142,23
1.48364689571173,23
2.56100246637646,23
3.2623925941587,23
3.25575887493518,23
