"mape","daycounts"
0.475237335792601,21
0.390922856168155,21
0.44618202707734,21
0.414276313082869,21
0.448742927107609,21
0.409742260298988,21
0.525416119986789,21
0.415745813997168,21
0.383228798584132,21
0.361030747753165,21
