"mape","daycounts"
5.41943957270773,8
5.53303383220725,8
6.07892234484447,8
6.15076592176649,8
