"mape","daycounts"
0.78250639132278,20
0.757046711030828,20
0.677368999660103,20
0.992065586920722,20
0.748981720020989,20
0.791715893479925,20
0.569976964433692,20
0.706812831445503,20
0.463446587285217,20
1.27436126231706,20
