"mape","daycounts"
4.74395411455798,24
3.3796044955035,24
3.94920802396949,24
2.29861246709679,24
2.29547669042313,24
4.37646848719405,24
3.75166751742776,24
27.1045012028076,24
30.78500011661,24
34.9008237481013,24
34.2645824570555,24
37.5470006320302,24
