"mape","daycounts"
6.55508597946788,21
5.84301189328264,21
6.94209563413139,21
7.14110046478116,21
7.36969137570836,21
5.15365513826395,21
6.42836975785611,21
6.56088936045407,21
5.41502031972814,21
6.58062060780747,21
6.94226101109161,21
