"mape","daycounts"
1.22870862550718,25
2.17487519194475,25
1.30263526179249,25
1.79834918570461,25
0.529055144333889,25
0.749933026605809,25
0.409349653452744,25
1.40490093452741,25
1.03827342974995,25
1.16885058415013,25
0.733202512950599,25
1.06591281010985,25
