"mape","daycounts"
12.3029548943734,41
11.4624592669678,41
11.3185883346058,41
19.6252067224362,41
19.0331700218643,41
12.4062578715371,41
12.4188052904059,41
11.6750602487311,41
11.344298372619,41
12.3203496083017,41
11.4719884873042,41
12.3707175122681,41
12.5418426986195,41
12.175965314447,41
12.0608156418416,41
11.9875471775841,41
12.1050992530052,41
12.6144140525057,41
15.9413092383934,41
16.4523808958275,41
