"mape","daycounts"
0.451220722891587,21
0.0977471916017065,21
0.0716015493012081,21
0.0880086648765259,21
0.123279136099287,21
0.0791852015870262,21
0.164338936491516,21
0.148354141394525,21
0.32725331449852,21
0.374796812747325,21
