"mape","daycounts"
6.91208408879432,25
7.90958007950905,25
8.63944317904477,25
8.6586131714084,25
8.90956809916633,25
8.395838943104,25
8.70311033523791,25
8.26770043336401,25
8.96208981538638,25
7.6030565519096,25
7.57536866926652,25
8.69891711559124,25
10.0402913843356,25
