"mape","daycounts"
1.37697455591619,14
1.29083914802299,14
0.934366847439632,14
1.02576207244113,14
0.61281235758613,14
0.861099574158121,14
0.958261156790956,14
