"mape","daycounts"
8.02287089610519,8
8.41471110805909,8
7.8607860349787,8
9.06801546721426,8
