"mape","daycounts"
3.66579071039293,7
3.02206976960713,7
3.65240761606892,7
3.62424958610254,7
