"mape","daycounts"
5.41946801973556,8
5.53295151947563,8
6.07893100550815,8
6.15080308507375,8
