"mape","daycounts"
2.00404827211566,22
1.61074853487733,22
1.47265885170001,22
1.04727439129292,22
1.14344923104588,22
1.75777171732178,22
1.42796917397181,22
1.67660496480702,22
1.23636306525095,22
1.2862996294861,22
1.10633266241672,22
