"mape","daycounts"
2.09601294971387,5
1.74935946093733,5
