"mape","daycounts"
0.456407509544396,10
1.04323667484569,10
1.21839371428329,10
0.449344497645762,10
0.91997017804927,10
