"mape","daycounts"
1.23057702233577,25
2.17603479147366,25
1.30385605094466,25
1.79166006322387,25
0.528738513907216,25
0.75016869764619,25
0.409285932374852,25
1.39966746715216,25
1.03816284785035,25
1.16910176202248,25
0.732191210686725,25
1.06524169458288,25
