"mape","daycounts"
2.5236849285347,19
2.55619560504498,19
2.55180003664447,19
2.50804078923814,19
3.05049088529444,19
2.60264390718618,19
2.73526541133882,19
2.15580288104041,19
2.16877188308095,19
2.3154731582558,19
