"mape","daycounts"
4.74388064218405,24
3.3795159770985,24
3.94931629186772,24
2.29851706575597,24
2.29546070419463,24
4.3765723526531,24
3.75188692652416,24
27.1058470534625,24
30.7923705342673,24
34.9041225712058,24
34.2708270886007,24
37.5557894676887,24
