"mape","daycounts"
1.79897184899134,10
1.92811404297866,10
1.57671471159259,10
1.77262649804438,10
1.80170681563681,10
