"mape","daycounts"
23.5424578900015,35
25.4221105055605,35
35.4533778080723,35
29.5193142016383,35
33.9538954001215,35
32.3084837865332,35
34.8968537893737,35
28.5711460197706,35
36.8302677483948,35
37.8154099870245,35
32.5804773679556,35
22.2817147575173,35
28.5412638442368,35
30.4216384666605,35
25.5665403456327,35
37.405813464993,35
36.994772958136,35
