"mape","daycounts"
0.473297118687247,21
0.391538570464522,21
0.445030934119113,21
0.413137645576713,21
0.449404165301737,21
0.411281094433283,21
0.520091756865756,21
0.417332744026787,21
0.387377737571357,21
0.362971123090468,21
