"mape","daycounts"
7.83188266478684,22
6.74474240249908,22
6.85848825850318,22
6.96304432014837,22
7.28171317345893,22
7.12626312121288,22
6.65343905375297,22
6.63566561331106,22
6.19914939804489,22
7.2772471336662,22
6.6140309307978,22
