"mape","daycounts"
12.3025740101382,41
11.4623557499366,41
11.3185349731121,41
19.6251407874122,41
19.0331193415019,41
12.4059899923609,41
12.4180396437227,41
11.6762568426547,41
11.3440915575077,41
12.3201889801841,41
11.4712250490224,41
12.3691289306818,41
12.5418450254798,41
12.1761852950184,41
12.0605430106709,41
11.9880794483103,41
12.1054801050296,41
12.6137820917598,41
15.9408669264828,41
16.4517910560225,41
