"mape","daycounts"
2.26360574620072,10
1.85784141447348,10
0.981994331989376,10
1.09540510697106,10
1.2544226898142,10
