"mape","daycounts"
3.8568462088574,10
4.36133339824112,10
3.44424118750194,10
7.9695481579374,10
7.08779856794094,10
