"mape","daycounts"
11.435405370129,38
10.9650610516516,38
9.8204878152295,38
9.621756970507,38
10.6938769820022,38
7.26338408284911,38
7.4826018322083,38
8.69150357597333,38
8.41219138443591,38
8.27850095444258,38
8.01919862102196,38
7.41446531186727,38
7.10008888418907,38
7.97276443144208,38
7.95686186987676,38
8.43845089413606,38
13.8223803539829,38
13.1508495396796,38
14.526287140283,38
