"mape","daycounts"
2.03011887661269,23
1.85520835736265,23
2.13165324499858,23
2.44599557104197,23
1.94288824919504,23
1.82887623128733,23
1.47662821380486,23
1.38101656351065,23
1.48363504268031,23
2.56027981497339,23
3.26291637500041,23
3.25643497964733,23
