"mape","daycounts"
1.37414106280773,14
1.28748254201715,14
0.93504014840619,14
1.02555659547369,14
0.610108820116682,14
0.860182774473611,14
0.95756385236013,14
