"mape","daycounts"
6.9120367052862,25
7.90954701213544,25
8.63940803827313,25
8.6585799314025,25
8.90955646233198,25
8.39583654265426,25
8.70306048050602,25
8.26747145014879,25
8.96213244594818,25
7.6027805453471,25
7.57532409920031,25
8.69882368144838,25
10.0402657200353,25
