"mape","daycounts"
8.02304806165411,8
8.41329582440019,8
7.85936046210595,8
9.06065223833818,8
