"mape","daycounts"
0.388464166177738,8
0.478188021638466,8
0.377843647096377,8
0.494809043111757,8
