"mape","daycounts"
2.40703912812619,21
2.3629407742533,21
2.34965348968579,21
2.25605824278401,21
2.19557685291549,21
2.2130108938236,21
2.1794399630882,21
2.24274347023546,21
1.62853603455571,21
2.45847833605408,21
2.41489790454416,21
