"mape","daycounts"
3.66803415071154,7
3.02896125369174,7
3.65762585271062,7
3.6264713986282,7
