"mape","daycounts"
0.300369242072827,23
0.291615416667398,23
0.321313871960823,23
0.332636909090274,23
0.385799122154483,23
0.315578151498112,23
0.331160024150817,23
0.36125786873444,23
0.329661467917343,23
0.376535926986359,23
0.362588398740312,23
