"mape","daycounts"
6.55489113302266,21
5.84324668893087,21
6.94306781624712,21
7.14040471193493,21
7.36938228712592,21
5.15331694729601,21
6.42851379541682,21
6.56086933776444,21
5.41470881845009,21
6.58036218975825,21
6.94168140986561,21
