"mape","daycounts"
5.74323715889984,28
6.53525521468738,28
5.5555017160007,28
5.28788936522778,28
4.50203785785893,28
5.32915771977398,28
5.3393042380519,28
5.66916972982728,28
7.70320308891919,28
6.80433722388446,28
7.39751326689386,28
6.00194375951548,28
6.16380193156719,28
5.51842819231184,28
