"mape","daycounts"
0.781164475778423,20
0.75708804025916,20
0.675246354808547,20
0.991759227285917,20
0.747270676281172,20
0.792559063582769,20
0.569439348311368,20
0.708355775885895,20
0.462441354261152,20
1.27341989401205,20
