"mape","daycounts"
1.74772832250305,22
1.98171570558306,22
1.88202320003253,22
1.92220258742674,22
1.8096244739689,22
1.80796941483375,22
1.93715275506383,22
1.62884249062354,22
1.63191924182901,22
2.35551096500149,22
2.96770205078224,22
