"mape","daycounts"
0.450578132045991,21
0.0982472208324274,21
0.0717083878001071,21
0.0882340582987453,21
0.12392801540719,21
0.0804889479586961,21
0.172272556368484,21
0.150277081682119,21
0.328544096467729,21
0.378277332718581,21
