"mape","daycounts"
0.206332502984656,28
0.259653712710889,28
0.240056100867969,28
0.246618966290068,28
0.415682236749649,28
0.414679171936723,28
0.242487903242585,28
0.225813661856988,28
0.446071539997487,28
0.421206129187756,28
0.502885120210793,28
0.281077817982943,28
0.174355068346244,28
0.326714476364132,28
