"mape","daycounts"
2.0300242119805,23
1.85494785708475,23
2.13151500778548,23
2.44501829916492,23
1.94283092062026,23
1.82850561017426,23
1.47639560741752,23
1.38079071778812,23
1.48350106901287,23
2.56035183283884,23
3.26268106476192,23
3.25643239196072,23
