"mape","daycounts"
4.74340575617011,24
3.37923767735245,24
3.9495541056831,24
2.29843675680493,24
2.29534321821998,24
4.37700440752043,24
3.75095425813812,24
27.1130919239855,24
30.8053333495683,24
34.9142190041098,24
34.2797215182773,24
37.5765784467285,24
