"mape","daycounts"
2.00460090258875,22
1.61373067061769,22
1.47437385661704,22
1.04782921614798,22
1.14530865941248,22
1.75963883463094,22
1.42814400754648,22
1.67834963891968,22
1.23742220583041,22
1.2873733264736,22
1.106870300068,22
