"mape","daycounts"
6.55556185959901,21
5.84357101630026,21
6.94193195591953,21
7.13904827772949,21
7.36873858769728,21
5.15499568289714,21
6.43007623180291,21
6.56492323189903,21
5.41277181769534,21
6.57990891982082,21
6.94158291142278,21
