"mape","daycounts"
3.6641259568514,7
3.0223705550079,7
3.65442632200076,7
3.62518942103255,7
