"mape","daycounts"
0.78135315123954,20
0.757276728308233,20
0.675193665237351,20
0.991985414734325,20
0.747494419948816,20
0.792590882049788,20
0.569054813882419,20
0.708122399585303,20
0.463139115604577,20
1.27300798134564,20
