"mape","daycounts"
6.61456078186214,23
6.37635572983397,23
6.56730404067822,23
5.90703243669939,23
6.17302035766236,23
5.86964708222361,23
5.74902817528782,23
6.48042355677369,23
6.69064776196847,23
6.4132298628324,23
8.01930028366962,23
7.90525306124003,23
