"mape","daycounts"
0.460176654825354,10
1.04026363731077,10
1.2280647978019,10
0.443830038979485,10
0.934100372003968,10
