"mape","daycounts"
0.30128050021562,23
0.29173498107516,23
0.321733969179196,23
0.332646909397522,23
0.385776068855352,23
0.315932215753146,23
0.33234139070383,23
0.36339216441305,23
0.329515760215553,23
0.375857410923695,23
0.361915385046598,23
