"mape","daycounts"
2.09574006228599,5
1.74887917677808,5
