"mape","daycounts"
8.02290321076315,8
8.41327367872104,8
7.85984798348879,8
9.06021605619638,8
