"mape","daycounts"
1.37466413871995,14
1.28785204478651,14
0.935024613046797,14
1.0255459811258,14
0.609588185160435,14
0.860322089244217,14
0.957592483705293,14
