"mape","daycounts"
11.4359105034407,38
10.9645477520987,38
9.82019756860318,38
9.62187758217546,38
10.694342085869,38
7.26450669887791,38
7.48294670788547,38
8.69158854967829,38
8.41359660915231,38
8.27868604850831,38
8.01895389790723,38
7.41484936623142,38
7.09992826180304,38
7.97303482001644,38
7.9571500574848,38
8.43902309000327,38
13.8230236400516,38
13.150712418068,38
14.5268774632618,38
