"mape","daycounts"
1.2309485517058,25
2.17673148213855,25
1.30410895542209,25
1.79289674920078,25
0.528732447418182,25
0.749853087526783,25
0.409051487963322,25
1.40066339959872,25
1.03821836645301,25
1.16908639017309,25
0.731852770912181,25
1.06527383650985,25
