"mape","daycounts"
1.74782045309018,22
1.98125564917233,22
1.88174663509614,22
1.92264032627961,22
1.80980605878403,22
1.80795339894301,22
1.93709568588378,22
1.62885068381172,22
1.63174395985846,22
2.35520006003446,22
2.96770693634742,22
