"mape","daycounts"
5.42104237703213,8
5.53874951253636,8
6.08145388556961,8
6.15267131666415,8
