"mape","daycounts"
12.3020823595929,41
11.4616522080699,41
11.3178104791237,41
19.6281120012094,41
19.0364001291473,41
12.406430330152,41
12.4168408571197,41
11.6769907520727,41
11.3435734752034,41
12.3204056730292,41
11.4702441086244,41
12.3675604264197,41
12.5424503830326,41
12.177230284606,41
12.0602197326687,41
11.9882390658754,41
12.1057070535145,41
12.6126888644321,41
15.9410948629719,41
16.452913164089,41
