"mape","daycounts"
0.473550773623182,21
0.391527790604331,21
0.445068818171298,21
0.412866909519692,21
0.44938778717209,21
0.411817186230534,21
0.520821054001707,21
0.417687951837167,21
0.386825181991829,21
0.363082359470894,21
