"mape","daycounts"
1.7990925655675,10
1.92771055199321,10
1.57636363933307,10
1.77279612725857,10
1.80186548525383,10
