"mape","daycounts"
1.47320297265567,45
1.49862783922453,45
1.53162404356273,45
1.54724738108333,45
1.94209440535623,45
1.42479488786138,45
1.78114493569326,45
1.62276934239604,45
1.54060322799187,45
1.69119222919797,45
1.6743193968998,45
1.57150739261949,45
1.56685745636086,45
1.54283598322645,45
1.41363984307152,45
1.83247029323088,45
1.50945360099853,45
1.57397173634469,45
1.29533556954708,45
1.46762758281427,45
1.13776436778934,45
2.27440120116876,45
