"mape","daycounts"
0.207964268328755,28
0.258303859375608,28
0.240220014116018,28
0.246152586976244,28
0.417213505835902,28
0.414899076374434,28
0.241530403955058,28
0.226095323673536,28
0.446384969580851,28
0.421649903093977,28
0.503653105446631,28
0.283057204511511,28
0.173916443104558,28
0.326235895467702,28
