"mape","daycounts"
2.26352231740697,10
1.85954730098237,10
0.983698099489934,10
1.09607361632521,10
1.25561334521633,10
