"mape","daycounts"
5.74321219702646,28
6.53501662270543,28
5.55555033302034,28
5.28810279206364,28
4.50211803546764,28
5.32863525368097,28
5.33915551994963,28
5.66892076656547,28
7.70449843658868,28
6.80621138658771,28
7.39761107512822,28
6.00204117131322,28
6.16410816595801,28
5.5184852053697,28
