"mape","daycounts"
2.40702271939653,21
2.36304145055019,21
2.34958540619002,21
2.25595879704596,21
2.19561832237306,21
2.21314892346444,21
2.17952931971263,21
2.24267983316178,21
1.62862921560335,21
2.45858711923089,21
2.41501373293834,21
