"mape","daycounts"
23.5424142228867,35
25.4223271748362,35
35.453285638964,35
29.5198574067876,35
33.9539508604973,35
32.3084814058229,35
34.8968264390105,35
28.5706165849564,35
36.8303651991856,35
37.8156182176213,35
32.5806520732332,35
22.2817246593631,35
28.540999491019,35
30.4217802740723,35
25.5666536687581,35
37.4058193878367,35
36.9948159383053,35
