"mape","daycounts"
6.91261560641535,25
7.91142325756948,25
8.64077467103106,25
8.66063837418368,25
8.90742562688416,25
8.3970744681231,25
8.70531260201987,25
8.26860988463968,25
8.96165219439644,25
7.59943551393852,25
7.57596875945266,25
8.69741002586532,25
10.0404654966726,25
