"mape","daycounts"
0.450228247125252,21
0.100342551526873,21
0.0704142513217994,21
0.0886328160084411,21
0.123178619451884,21
0.0811826997133864,21
0.172643856927196,21
0.150131419771038,21
0.328512221725906,21
0.378387879198614,21
