"mape","daycounts"
7.88406768769352,21
7.43447045316899,21
8.9855630468054,21
7.96695272847085,21
8.04658832680836,21
7.86219084800156,21
8.95750464406673,21
6.61405482115265,21
8.51328223949732,21
8.15686307005137,21
