"mape","daycounts"
3.85665318708222,10
4.36585557915122,10
3.44576141768256,10
7.9707355492462,10
7.0900679584365,10
