"mape","daycounts"
0.38680153225188,8
0.473408943160585,8
0.378647455046477,8
0.491839567286443,8
