"mape","daycounts"
7.83102920865128,22
6.74438135716607,22
6.85752601130427,22
6.96254916189936,22
7.28053172670912,22
7.12685197815782,22
6.65362220401037,22
6.63619172819944,22
6.19915693404852,22
7.27800977464002,22
6.61204531580644,22
