"mape","daycounts"
3.84860027796491,10
4.31576724486886,10
3.43982346528729,10
7.92579447468489,10
7.06461843550164,10
