"mape","daycounts"
5.43001680233109,8
5.51128528653467,8
6.04483403519559,8
6.11877076731362,8
