"mape","daycounts"
6.61174059406533,23
6.42206642546088,23
6.58168926098322,23
5.94248576189,23
6.20874200084762,23
5.87726281915394,23
5.7248971372073,23
6.39069669237662,23
6.7756511856354,23
6.53905925739181,23
8.07136007036361,23
7.97623988805533,23
