"mape","daycounts"
1.79303773746763,22
2.0268469495339,22
1.92464441583293,22
1.94316472920262,22
1.80495927060263,22
1.8037577731619,22
1.90962724193269,22
1.72217377914885,22
1.75809819267861,22
2.3557458024282,22
2.90862345765814,22
