"mape","daycounts"
7.90891292002603,21
7.46598702150877,21
8.89269358397294,21
7.92711012428388,21
8.06067614852114,21
7.85488934902799,21
9.07357331111744,21
6.59632908278733,21
8.37228705825999,21
8.04536954842893,21
