"mape","daycounts"
3.79020528521569,7
3.19655459821716,7
3.68126064530969,7
3.61664136175981,7
