"mape","daycounts"
0.462090051347801,21
0.397150685277262,21
0.429264925299657,21
0.406152721951192,21
0.432909891111754,21
0.408550811535902,21
0.520085975212737,21
0.393206626831925,21
0.336496693647624,21
0.355052933412191,21
