"mape","daycounts"
0.373195504442529,23
0.350374020057649,23
0.349554597942697,23
0.348111875395985,23
0.394733769339961,23
0.382972311621617,23
0.365512511993519,23
0.382165127341094,23
0.391343676624482,23
0.423542968872234,23
0.416806527565917,23
