"mape","daycounts"
0.334893281586079,8
0.452580677237148,8
0.351768481584786,8
0.489394933328906,8
