"mape","daycounts"
2.24812246698913,10
1.85229411061991,10
1.05450067320048,10
1.13402515137657,10
1.28883730045325,10
