"mape","daycounts"
2.56163971436905,19
2.58113283282613,19
2.54474117317046,19
2.52913700509487,19
3.0277357681195,19
2.59813457961848,19
2.72896551703147,19
2.14140661661706,19
2.13631263211521,19
2.2420455359092,19
