"mape","daycounts"
6.5656402629769,21
5.85012287847198,21
7.02918093370111,21
7.18703207000832,21
7.41460632207657,21
5.18328135131854,21
6.48541584566164,21
6.62883336389629,21
5.48067370574399,21
6.61973336246984,21
6.97421233070807,21
