"mape","daycounts"
1.79501877182929,10
1.931391235091,10
1.61142756972879,10
1.81295094249718,10
1.84986408856737,10
