"mape","daycounts"
1.46807378399886,45
1.51185555999033,45
1.55299295121087,45
1.59052001396463,45
1.94039954568852,45
1.4327600358951,45
1.78269389262146,45
1.58482351915221,45
1.52632555240776,45
1.69068934981154,45
1.62498368917945,45
1.56544718429342,45
1.54967647968997,45
1.55957374274587,45
1.42699505020948,45
1.83154039000698,45
1.50448465617751,45
1.60561956763578,45
1.3009124098862,45
1.47203156920172,45
1.1710226056073,45
2.27857867857844,45
