"mape","daycounts"
11.439422593899,38
11.0500715282187,38
9.83430795869687,38
9.62765583731538,38
10.5817892374046,38
7.22121605424511,38
7.43366162487963,38
8.54237354584298,38
8.28118254547976,38
8.31553254834824,38
8.05651727578963,38
7.44330147628039,38
7.15137373893283,38
7.94338206197867,38
7.94413535573046,38
8.40049277153756,38
13.8785981377947,38
13.2004394609417,38
14.6193598321928,38
