"mape","daycounts"
0.826301918269568,20
0.75497443153454,20
0.740022920453835,20
0.999964343206706,20
0.749744767768635,20
0.811162217589203,20
0.58627089872734,20
0.584734746459861,20
0.623469417541385,20
1.33685091626724,20
