"mape","daycounts"
5.73992582335992,28
6.57204770779952,28
5.54776422143052,28
5.26593743326047,28
4.48786902308313,28
5.37105810894766,28
5.31653364646872,28
5.69963627496075,28
7.7131516669464,28
6.71667725101984,28
7.33305187281996,28
5.97516006147956,28
6.1129332325741,28
5.46831378660244,28
