"mape","daycounts"
0.410078446192116,10
0.678686336341532,10
0.836241655929203,10
0.551916808691528,10
0.577213328635404,10
