"mape","daycounts"
2.03018003527634,23
1.86674715268934,23
2.16030520524874,23
2.49788195049912,23
1.94978966371148,23
1.84129139389207,23
1.49427761425206,23
1.38255530051874,23
1.45535591932176,23
2.59581974860329,23
3.30855563551535,23
3.30739131433869,23
