"mape","daycounts"
1.863029017384,22
1.45785817131102,22
1.35141327175059,22
0.964032162133955,22
1.02094374456352,22
1.6845967830574,22
1.39541533797468,22
1.60650218749261,22
1.14009376068523,22
1.22263938506973,22
1.01681340253678,22
