"mape","daycounts"
2.09977876964991,5
1.75465141083607,5
