"mape","daycounts"
4.77080624371811,24
3.39574429344363,24
3.9164894837138,24
2.3459241876243,24
2.32620925075876,24
4.30830207370892,24
3.74364299330921,24
28.0762729482895,24
31.4726554651846,24
35.0349738820866,24
34.882981864782,24
38.0073560304773,24
