"mape","daycounts"
8.00631367130345,8
8.39950669180869,8
7.91608184314418,8
9.06754905499212,8
