"mape","daycounts"
0.132868907237027,28
0.252435383694683,28
0.127921640773296,28
0.286981784647421,28
0.359548285284174,28
0.378066601654004,28
0.275559314913805,28
0.247746774415969,28
0.512716694601903,28
0.466253582447152,28
0.483587054039939,28
0.197992564902087,28
0.237192732140987,28
0.325899068678693,28
