"mape","daycounts"
0.503072760694909,21
0.11589366042054,21
0.0872096209393491,21
0.0998659899247687,21
0.0854455172430789,21
0.0980342227974619,21
0.240338342180325,21
0.119078074229586,21
0.33500643918356,21
0.492797014376469,21
