"mape","daycounts"
1.26292024894898,25
2.18677327512394,25
1.35527971402911,25
1.8313987690285,25
0.618366099415998,25
0.793841237261678,25
0.556113012634684,25
1.39620781392064,25
1.08890791966998,25
1.18248105316874,25
0.801158265578756,25
0.937578317787211,25
