"mape","daycounts"
12.3480684290646,41
11.4717338027246,41
11.3332622900334,41
19.6250026658942,41
18.9874437436422,41
12.4482856996766,41
12.4720399451909,41
11.7738366980735,41
11.3861082980619,41
12.3870576117166,41
11.5014547948867,41
12.3973365614868,41
12.5793250062926,41
12.2051775196135,41
12.0681690873677,41
12.0242664594998,41
12.1416037104066,41
12.6248949468367,41
15.8576601713487,41
16.3930273638166,41
