"mape","daycounts"
23.5090651281922,35
25.2481792413116,35
35.2968515787133,35
29.5496302120694,35
34.0225761088442,35
32.2905270552026,35
34.9974398061669,35
28.5888492303226,35
36.5784317420632,35
37.676221004381,35
32.4469774484161,35
22.2815808873056,35
28.6097319087094,35
30.6061842693954,35
25.3599883174997,35
37.1481920780958,35
36.8300289297915,35
