"mape","daycounts"
6.90970382176771,25
7.87854916397864,25
8.62393852645691,25
8.65862014693479,25
8.89746604840506,25
8.4015795081642,25
8.65908135212156,25
8.25554614604373,25
8.95482604389434,25
7.62315774797613,25
7.55795707397829,25
8.6786826350621,25
10.0445718911492,25
