"mape","daycounts"
1.2363542299961,14
1.12478942009289,14
0.946342914415933,14
1.04582250916583,14
0.623021421229044,14
0.847095040309887,14
0.939797957035268,14
