"mape","daycounts"
0.474045516975042,21
0.391675942139128,21
0.444290143567844,21
0.411723008283402,21
0.449405734009749,21
0.412342707719846,21
0.52047511509694,21
0.41921550576451,21
0.388309433520596,21
0.363712801074502,21
