"mape","daycounts"
1.79934020824729,10
1.92903764347148,10
1.57632062450311,10
1.77262066638706,10
1.80220406310438,10
