"mape","daycounts"
6.91275277547413,25
7.91219257208024,25
8.64036987391777,25
8.66309628685321,25
8.90590293816032,25
8.39623938335134,25
8.70220052659847,25
8.2682613402677,25
8.9633572530266,25
7.59810036781405,25
7.57422853580224,25
8.70211802915806,25
10.040875327721,25
