"mape","daycounts"
12.3022628167185,41
11.4617861773465,41
11.3177523365972,41
19.6280122826212,41
19.0361820265471,41
12.4065507986211,41
12.4169882944664,41
11.674659854126,41
11.34382664052,41
12.3206175450553,41
11.4706990150534,41
12.3668182337326,41
12.542626898044,41
12.1772369844038,41
12.0600843445697,41
11.9883877298767,41
12.1058913391573,41
12.6131599926594,41
15.9411919113951,41
16.4531458819326,41
