"mape","daycounts"
0.450216870372685,21
0.100537326064474,21
0.0698942710434932,21
0.0889048390831296,21
0.122818675736327,21
0.0838997770412343,21
0.17259335615401,21
0.153292260956363,21
0.328434611100451,21
0.378262431230839,21
