"mape","daycounts"
0.207140229462571,28
0.258022849750746,28
0.239983284650857,28
0.246157126574706,28
0.416590270463103,28
0.414725932159802,28
0.241705299921825,28
0.226166185148901,28
0.446191479709179,28
0.421688421760903,28
0.503470298935639,28
0.28288197680484,28
0.173592033842601,28
0.326356678850921,28
