"mape","daycounts"
7.88397659485949,21
7.43477049561385,21
8.98585195552992,21
7.96777768536358,21
8.04663783801271,21
7.86227036353367,21
8.95692147800761,21
6.61449771243835,21
8.51463585800789,21
8.15683320298035,21
