"mape","daycounts"
1.47180621808447,45
1.4985487926686,45
1.53219785905144,45
1.54691708829803,45
1.94213012586592,45
1.42556185596206,45
1.78172236240372,45
1.62195883510487,45
1.53991375267963,45
1.69299792711018,45
1.67496101469871,45
1.57053327856814,45
1.56743653658991,45
1.54208088867142,45
1.41247763579373,45
1.83177001632426,45
1.50932333144017,45
1.57399067738935,45
1.29567615830784,45
1.46822481019197,45
1.13887658720814,45
2.27415461363713,45
