"mape","daycounts"
2.52920953914077,19
2.55593564323065,19
2.55180709873298,19
2.50707557589411,19
3.0505952177356,19
2.6022736566279,19
2.7352667890511,19
2.15649022013842,19
2.16986131051603,19
2.31675160075157,19
