"mape","daycounts"
5.42338930578223,8
5.54248350236814,8
6.08158682417397,8
6.15280616045738,8
