"mape","daycounts"
6.55570360252005,21
5.84351447218307,21
6.94242526541578,21
7.13918343918531,21
7.36895692333921,21
5.15487054565353,21
6.43010741664005,21
6.56481656698508,21
5.41278040958639,21
6.58003053725634,21
6.94172607656208,21
