"mape","daycounts"
8.02283931655142,8
8.41330686586116,8
7.85975561595769,8
9.05970876963287,8
