"mape","daycounts"
0.301111274714903,23
0.290868183537409,23
0.321336514550157,23
0.332419478952393,23
0.38526205855125,23
0.316070735239655,23
0.332010808290701,23
0.363347041651864,23
0.326135458050859,23
0.37479724275375,23
0.361569225605472,23
