"mape","daycounts"
2.26590966913518,10
1.85166921819583,10
0.969982375168099,10
1.09004965086149,10
1.25240204449799,10
