"mape","daycounts"
3.67742405215895,7
3.04317301951939,7
3.66582773794063,7
3.63082855085719,7
