"mape","daycounts"
0.459528162152886,10
1.03731794432524,10
1.22803487416988,10
0.438200230983573,10
0.920097641770395,10
