"mape","daycounts"
1.38604756262719,14
1.297357782825,14
0.934417313388875,14
1.02637417215436,14
0.609998720044566,14
0.86181174230524,14
0.957874112117439,14
