"mape","daycounts"
1.74884735866521,22
1.98050499912208,22
1.88140023968134,22
1.92207732248892,22
1.80909799078922,22
1.80795963448895,22
1.93596437901481,22
1.62947217012152,22
1.63237124392522,22
2.35554574947103,22
2.96886578455671,22
