"mape","daycounts"
23.5424847072032,35
25.4228812535493,35
35.4537703956441,35
29.5196997432353,35
33.9529285478513,35
32.3062797789283,35
34.8968632623683,35
28.5692667417757,35
36.8306489101352,35
37.8163472326264,35
32.5824494453652,35
22.2818742698391,35
28.5414835525493,35
30.4239560227287,35
25.5601304098156,35
37.407661793033,35
36.9954512869391,35
