"mape","daycounts"
0.781348476670215,20
0.757289761928383,20
0.675183073885567,20
0.99204583785107,20
0.747648666667598,20
0.792681795720492,20
0.569134620752433,20
0.708229526622448,20
0.463031324562633,20
1.27263648246071,20
