"mape","daycounts"
6.61441425419238,23
6.37605358719063,23
6.56683916551802,23
5.90689265824393,23
6.17327447103914,23
5.86981970152915,23
5.74887034882374,23
6.48065717691722,23
6.69051458594426,23
6.41297818864895,23
8.01910472626959,23
7.90448472678592,23
