"mape","daycounts"
2.09582133719162,5
1.74885623630585,5
