"mape","daycounts"
4.74318466123659,24
3.37922772516079,24
3.94920925578154,24
2.29846443338698,24
2.29524493525674,24
4.37719188879462,24
3.7510591955854,24
27.11165904156,24
30.8053173603535,24
34.9194568672138,24
34.2792831542367,24
37.5767083625573,24
