"mape","daycounts"
5.74291963440059,28
6.53471910363342,28
5.55576361556963,28
5.2881366421647,28
4.50194745317758,28
5.32854188387522,28
5.33849545629016,28
5.66810844315998,28
7.70398027456393,28
6.80714318046189,28
7.39820262932888,28
6.00281884447851,28
6.16445776938519,28
5.51960571634896,28
