"mape","daycounts"
3.85698280051069,10
4.36657685023585,10
3.44589404689838,10
7.97212908019302,10
7.09136111901908,10
