"mape","daycounts"
0.3854365683314,8
0.474557300656825,8
0.375610794749698,8
0.488286105877038,8
