"mape","daycounts"
1.23091237777532,25
2.17681611712873,25
1.30301129084022,25
1.79163996083172,25
0.529176525823032,25
0.750148078203078,25
0.409333378011713,25
1.39935930689114,25
1.0379417251121,25
1.16880557016653,25
0.731923355973444,25
1.06525991998911,25
