"mape","daycounts"
2.00457608676337,22
1.61370737457657,22
1.47435718444455,22
1.0477535105045,22
1.14531214545923,22
1.7595574159468,22
1.42805438875706,22
1.67826152246768,22
1.23733945480194,22
1.28730291325133,22
1.10680653747044,22
