"mape","daycounts"
6.90574642782502,25
7.87610629538186,25
8.62205065138669,25
8.6617270012954,25
8.89421926334172,25
8.40199199323567,25
8.67045225859067,25
8.30640672087642,25
8.96388829590604,25
7.55060387972911,25
7.51297135686558,25
8.71341054434726,25
10.0500174750808,25
