"mape","daycounts"
0.448955654576001,21
0.121848430154295,21
0.0779868574408859,21
0.111336168652957,21
0.10493763682117,21
0.0874123820432625,21
0.171590413759756,21
0.125495315191916,21
0.334005446309364,21
0.422224777016047,21
