"mape","daycounts"
1.8012332525343,10
1.93062777467278,10
1.62751310096725,10
1.79645724767684,10
1.83721802318677,10
