"mape","daycounts"
3.85731192410284,10
4.3563243725599,10
3.46312946045419,10
7.97156144100376,10
7.09297975738238,10
