"mape","daycounts"
23.5017341641965,35
25.3964229447048,35
35.4007816051522,35
29.4936917680135,35
33.938955850032,35
32.4019403400817,35
34.9232253389188,35
28.661997833895,35
36.792996000922,35
37.7649316795104,35
32.5306891954437,35
22.3208366015379,35
28.4819104185044,35
30.3079790604742,35
25.6484486998979,35
37.3257224019019,35
36.919988022773,35
