"mape","daycounts"
3.66691911811566,7
2.95066197959564,7
3.57740910264285,7
3.5767099579239,7
