"mape","daycounts"
11.4425789666146,38
10.9942388489073,38
9.8498639148453,38
9.6303861360786,38
10.6690575660404,38
7.24857122819325,38
7.48696591587455,38
8.57821797771492,38
8.28942233206738,38
8.29945936239686,38
8.07276843445359,38
7.44755057228345,38
7.1580673891019,38
7.96573064480955,38
7.94822184381882,38
8.42318245410988,38
13.8448142365439,38
13.1094282446804,38
14.4665260633701,38
