"mape","daycounts"
6.65792117355083,23
6.39742056095844,23
6.55185897112143,23
5.96558736285232,23
6.20698511225414,23
5.86520427340631,23
5.7296136434844,23
6.40615075233657,23
6.72365071298747,23
6.48914788843658,23
8.00885262562879,23
7.94681094832715,23
