"mape","daycounts"
4.77913388821068,24
3.40192808041796,24
3.92771969161525,24
2.34863680518463,24
2.33098627464162,24
4.3084633824208,24
3.7452072213009,24
27.8244010337935,24
31.0844003047658,24
34.6346143665246,24
34.4288315906865,24
37.5574582934826,24
