"mape","daycounts"
2.21668004722118,10
1.8337925626549,10
1.03887450899725,10
1.12079927746524,10
1.2790547825878,10
