"mape","daycounts"
0.340902849515482,8
0.457854011738004,8
0.325798832389408,8
0.494517254203506,8
