"mape","daycounts"
7.90934155886822,21
7.47971944231987,21
8.94002523393178,21
7.94260544681173,21
8.01474899413925,21
7.8256900380219,21
8.92576068591529,21
6.66404693812569,21
8.35335699420333,21
8.06636194661285,21
