"mape","daycounts"
1.79153338506721,22
2.02952013632,22
1.92694215461827,22
1.94496719166353,22
1.80586043461992,22
1.80591413549895,22
1.91154710400662,22
1.72097033828769,22
1.75780600492402,22
2.35565306557523,22
2.90840590042932,22
