"mape","daycounts"
0.520668486277142,10
0.74265333903673,10
0.820884833971972,10
0.563606069115266,10
0.649048519384996,10
