"mape","daycounts"
2.38854541567274,21
2.31781352218366,21
2.3459421754195,21
2.25952360684098,21
2.20028187036236,21
2.20843612361984,21
2.18965095230251,21
2.24449422164559,21
1.60658125721243,21
2.38760349728958,21
2.33575152282235,21
