"mape","daycounts"
12.3258562355919,41
11.4726624602847,41
11.3329400573114,41
19.595747349086,41
18.992074436964,41
12.4275700753771,41
12.4409906535861,41
11.736003850224,41
11.3698729715942,41
12.3492656803455,41
11.4986667792635,41
12.3201135319424,41
12.5567215765837,41
12.1858507307231,41
12.0678810984738,41
12.0002156068393,41
12.1056076484613,41
12.6425506392957,41
15.9093389746166,41
16.4253542987484,41
