"mape","daycounts"
0.825591399098271,20
0.745870443664649,20
0.70204897435504,20
0.99504339111496,20
0.759375106810926,20
0.797258892618115,20
0.586588415411759,20
0.620860741011676,20
0.520530038410389,20
1.33241517976232,20
