"mape","daycounts"
0.376683573111761,23
0.351046510016531,23
0.388574544704818,23
0.349267099434846,23
0.399070158231841,23
0.376372480638842,23
0.389476941458265,23
0.402457649555429,23
0.430221536429773,23
0.421989632748756,23
0.421821805394506,23
