"mape","daycounts"
7.9985824088951,8
8.39660076024184,8
7.90443160131039,8
9.06939877271804,8
