"mape","daycounts"
1.4632101363443,45
1.51196217172898,45
1.54843036708461,45
1.52917959067332,45
1.93431639061301,45
1.40434919830805,45
1.77342852775941,45
1.62470259000287,45
1.56865965962306,45
1.66912901725444,45
1.62463919564375,45
1.5576824812736,45
1.54752567826671,45
1.54250595307902,45
1.37365064913863,45
1.85835870356558,45
1.5206463738028,45
1.62436549435182,45
1.31365019780732,45
1.47921098045732,45
1.08411921752637,45
2.29852604184834,45
