"mape","daycounts"
1.94224285543418,22
1.55786129236501,22
1.45205867004573,22
1.02621365180699,22
1.11638054111841,22
1.69402829023562,22
1.34301140863236,22
1.62385248087203,22
1.22207979143548,22
1.25267512345635,22
1.11106106403684,22
