"mape","daycounts"
0.127373591526526,28
0.258250862023962,28
0.12539712093923,28
0.31964991505736,28
0.365979564608192,28
0.364336535299191,28
0.274378637694611,28
0.244962391437047,28
0.521671650311543,28
0.471336850490397,28
0.479037965249543,28
0.194856281362488,28
0.243780809575144,28
0.325224598970045,28
