"mape","daycounts"
7.75018490673422,22
6.73413342696839,22
6.86877858694247,22
6.93051158128748,22
7.28544030359081,22
7.14399959950314,22
6.64996591097393,22
6.65418410188584,22
6.2141343620952,22
7.22466730082404,22
6.51267867258767,22
