"mape","daycounts"
1.19270607177589,14
1.05480154847242,14
0.932015768818547,14
1.03761639992658,14
0.592343713537415,14
0.825882903082987,14
0.940813638861287,14
