"mape","daycounts"
1.23820134606564,25
2.1870214567492,25
1.35312561333696,25
1.83482176238259,25
0.630021130919222,25
0.809365535059759,25
0.555642958016235,25
1.37662136630172,25
1.08538421918421,25
1.17578877631494,25
0.794936211674183,25
0.943380434327309,25
