"mape","daycounts"
2.09801970975758,5
1.7526567484759,5
