"mape","daycounts"
2.55997430760907,19
2.60828918712579,19
2.51260061931664,19
2.53719289609091,19
3.04720163356214,19
2.59038974660217,19
2.70560118004832,19
2.13776857168025,19
2.11674733938098,19
2.19649842437122,19
