"mape","daycounts"
5.40317764123672,8
5.48406631741227,8
6.04440294870533,8
6.12433727314163,8
