"mape","daycounts"
2.01627701184425,23
1.88347870391053,23
2.14271754152745,23
2.46092119158474,23
1.95321141560132,23
1.84660615160756,23
1.50353544620456,23
1.41725342410641,23
1.51512200887919,23
2.53447163612602,23
3.26531026929391,23
3.27839398970867,23
