"mape","daycounts"
1.46583372550628,45
1.51275452943322,45
1.55644544559653,45
1.53216065965101,45
1.94494464499826,45
1.40332824534592,45
1.77291796788482,45
1.6226641867546,45
1.56976077589,45
1.68054034660574,45
1.63930155770318,45
1.55524550816999,45
1.55321369889648,45
1.53817219450815,45
1.38097608128066,45
1.86080884653273,45
1.51713092490529,45
1.6164589971018,45
1.3076049509746,45
1.462302924476,45
1.09935527203803,45
2.31143089284044,45
