"mape","daycounts"
2.54137600257924,19
2.56975232810718,19
2.52729524104182,19
2.52351118454494,19
3.05910875459013,19
2.59395480164909,19
2.70780738512055,19
2.16774037370406,19
2.16622858707578,19
2.27969804616433,19
