"mape","daycounts"
5.76134982121727,28
6.577420591723,28
5.5747330810143,28
5.30127172638409,28
4.51361970044432,28
5.37983048693855,28
5.31117627855351,28
5.68197149571423,28
7.69858912824439,28
6.75996411569111,28
7.33920812851239,28
5.99421385622422,28
6.1210847743423,28
5.49790311582907,28
