"mape","daycounts"
23.537143763885,35
25.3988132725441,35
35.4272870339859,35
29.5055267143126,35
34.0116626901963,35
32.3410774075452,35
34.9813147245877,35
28.5919349500054,35
36.7878308789269,35
37.8117588433804,35
32.5817871139703,35
22.3742666111648,35
28.6383013872037,35
30.524138842886,35
25.4997442412351,35
37.2987645696098,35
36.9488432663323,35
