"mape","daycounts"
6.91963598023658,25
7.8913499165669,25
8.63799076348095,25
8.68902374293976,25
8.9121284769943,25
8.41559942236249,25
8.70114413383092,25
8.33512375570083,25
8.99897269341524,25
7.53906598918177,25
7.53533370092106,25
8.722412196198,25
10.0530049637428,25
