"mape","daycounts"
3.85433401014012,10
4.35540725999451,10
3.46148540199119,10
7.97423232540527,10
7.09507185815001,10
