"mape","daycounts"
1.19293636861928,14
1.06609154820105,14
0.934329152186465,14
1.03268129393844,14
0.602795215085439,14
0.837368099611806,14
0.945107774508564,14
