"mape","daycounts"
1.76965653778669,22
2.02207432658058,22
1.92748984278364,22
1.95044063452058,22
1.82136950371899,22
1.82187779541472,22
1.92516130243515,22
1.67088913413194,22
1.69019337709253,22
2.36110137731062,22
2.91267115654236,22
