"mape","daycounts"
7.9073562626227,21
7.471378696524,21
8.94192511734996,21
7.94526628946898,21
8.01720863786768,21
7.82661382226311,21
8.93160716005208,21
6.65722086062664,21
8.35248968409627,21
8.06732384733745,21
