"mape","daycounts"
5.44704382243002,8
5.56352995967565,8
6.06351161662964,8
6.1354468474251,8
