"mape","daycounts"
8.00554651247881,8
8.39076392876506,8
7.90173693529697,8
9.04355726689626,8
