"mape","daycounts"
3.63132183347575,7
2.89028571252924,7
3.54270340145695,7
3.55664859320774,7
