"mape","daycounts"
1.79762139969998,10
1.94145785617595,10
1.61667026654148,10
1.7903198736507,10
1.82490978014622,10
