"mape","daycounts"
7.74181524271498,22
6.74358157020795,22
6.86106954892759,22
6.93793546802733,22
7.28355322873619,22
7.13279877404182,22
6.64776876340636,22
6.64989270855206,22
6.21662317099821,22
7.24623131558298,22
6.51312640240242,22
