"mape","daycounts"
0.470572645843721,21
0.135964582276557,21
0.0801906650701001,21
0.13588912795947,21
0.147372151126468,21
0.0798476460880246,21
0.178935569073672,21
0.189211993022897,21
0.385550783323232,21
0.466773925758364,21
