"mape","daycounts"
0.216838591616556,28
0.260666548975829,28
0.250503130421414,28
0.250820048327072,28
0.409976256504926,28
0.419118500798947,28
0.255834933439773,28
0.223273072562632,28
0.457139088932575,28
0.408708297460855,28
0.466943039490653,28
0.329386700224018,28
0.21316963823174,28
0.364496953079958,28
