"mape","daycounts"
0.461501316605648,21
0.391435873282468,21
0.430894477429971,21
0.407765218405301,21
0.43347830055596,21
0.408232715249573,21
0.520938185005077,21
0.394703510497703,21
0.335056614363323,21
0.350876044071878,21
