"mape","daycounts"
2.41030262125786,21
2.35594606020323,21
2.34888922946021,21
2.26215159727899,21
2.19134159764687,21
2.21114718274537,21
2.17846049486289,21
2.24043877207127,21
1.63268484999057,21
2.44405643345992,21
2.39369388307595,21
