"mape","daycounts"
12.3244590728144,41
11.4724646988947,41
11.3335373449375,41
19.592671552547,41
18.9891250292401,41
12.4250590758818,41
12.4397182159005,41
11.7369756025401,41
11.3678872365186,41
12.3483505874992,41
11.498275817455,41
12.3068724631182,41
12.5541272996577,41
12.1846781026436,41
12.0679836980506,41
12.0023486933177,41
12.1087374284346,41
12.6399307304475,41
15.9075630164326,41
16.4246778814534,41
