"mape","daycounts"
0.823340215501762,20
0.75079163786608,20
0.698617739008056,20
0.996037094949915,20
0.762218214399497,20
0.799898761033149,20
0.591689985212428,20
0.630706690647731,20
0.511226398256906,20
1.330300985657,20
