"mape","daycounts"
1.11850335553248,25
2.17996145182161,25
1.29473975268718,25
1.74493233191618,25
0.567159883004215,25
0.778623001210269,25
0.51157942693827,25
1.19577009297883,25
1.04864394611863,25
1.14703949007409,25
0.770937330507751,25
0.98608442613548,25
