"mape","daycounts"
4.82694948234114,24
3.45227783754078,24
3.97226505342003,24
2.24523204584975,24
2.25821303396842,24
4.32702956805856,24
3.77017975437141,24
27.1733316235905,24
30.3725946663962,24
33.9816038574422,24
33.7232100183598,24
36.7474164073025,24
