"mape","daycounts"
2.20800215157506,10
1.81496424087842,10
1.03014076846014,10
1.1221034949706,10
1.2737203257574,10
