"mape","daycounts"
0.518503264675033,10
0.762528808273464,10
0.834245084782212,10
0.534748056893774,10
0.659552558843949,10
