"mape","daycounts"
6.55101676915798,21
5.91143357817621,21
6.90894541104356,21
7.13954698533111,21
7.3561855291345,21
5.19169584342997,21
6.43152403381086,21
6.5516083183905,21
5.48832712899822,21
6.61387950004595,21
6.95715588940949,21
