"mape","daycounts"
2.09799667411595,5
1.75270759552053,5
