"mape","daycounts"
0.379040654854651,23
0.352743510783254,23
0.382995386532314,23
0.347986977194778,23
0.398883310138864,23
0.381710868551745,23
0.386814762463123,23
0.397941924503177,23
0.424501202004845,23
0.402303691827792,23
0.42694895163228,23
