"mape","daycounts"
0.352706961477714,8
0.47667108898038,8
0.324211094265976,8
0.496187915449061,8
