"mape","daycounts"
3.63133363116348,7
2.89067379806506,7
3.5431015803383,7
3.55674081909707,7
