"mape","daycounts"
6.65335745736867,23
6.39804430154443,23
6.57269088273248,23
5.92148617169104,23
6.18525520535767,23
5.87157587259933,23
5.74040622802803,23
6.42656912608262,23
6.71925391153377,23
6.45679381015941,23
8.02175705758273,23
7.94434368723354,23
