"mape","daycounts"
2.54445566472166,19
2.55730244828561,19
2.55859008750204,19
2.51063808802354,19
3.05436554163186,19
2.61597342723579,19
2.7382974261926,19
2.17303660041239,19
2.18669403850437,19
2.3306743544953,19
