"mape","daycounts"
1.79785755573603,10
1.92680754421181,10
1.59103355721476,10
1.78399349638967,10
1.81442653374823,10
