"mape","daycounts"
1.22509633570325,14
1.09359526349033,14
0.927358093370611,14
1.03367717445254,14
0.603191637021372,14
0.836837026537115,14
0.947620731640626,14
