"mape","daycounts"
7.88809116294085,21
7.48668832286626,21
8.92475335544154,21
7.93084324989242,21
8.0045472328198,21
7.80295371606882,21
8.88798451653524,21
6.68858422848222,21
8.34707932832973,21
8.04474559754376,21
