"mape","daycounts"
5.41687933321522,8
5.50777724245636,8
6.04991314102268,8
6.11914016646421,8
