"mape","daycounts"
0.353208549161158,8
0.475957607117848,8
0.324591436318656,8
0.495897311528525,8
