"mape","daycounts"
8.00714497111296,8
8.38986512105312,8
7.89841279655177,8
9.04430380998318,8
