"mape","daycounts"
3.85496681560004,10
4.35643187669101,10
3.46049859219435,10
7.98099063626062,10
7.09965251659537,10
