"mape","daycounts"
7.81102546032817,22
6.73658516420587,22
6.83392827727323,22
6.94369931049975,22
7.25936613619212,22
7.12736177071656,22
6.61340153540172,22
6.62229858272255,22
6.19791626563306,22
7.20119013058801,22
6.43045665024135,22
