"mape","daycounts"
0.529872372623993,10
0.983735521698232,10
1.11993230566917,10
0.4722472354325,10
0.776517434050023,10
