"mape","daycounts"
2.40958673826239,21
2.35550509056808,21
2.34967642453687,21
2.2627943032403,21
2.19120567402693,21
2.2119817281368,21
2.17948756224836,21
2.24046872726637,21
1.63044948993897,21
2.44336342361807,21
2.39292445013216,21
