"mape","daycounts"
2.13704327042046,10
1.75808141350435,10
1.02616114130246,10
1.12273927453205,10
1.27030475928751,10
