"mape","daycounts"
11.4577585558843,38
10.9776351379176,38
9.8362665713031,38
9.63328868471633,38
10.6600289562029,38
7.24612581668005,38
7.46257921792687,38
8.62308117844092,38
8.34143844074666,38
8.29463436806056,38
8.04933422006948,38
7.43966615173826,38
7.1303123543119,38
7.96011811708147,38
7.96127908758219,38
8.4406836300592,38
13.8783187286481,38
13.137922888901,38
14.501748229331,38
