"mape","daycounts"
1.94755667769638,22
1.55167409318705,22
1.45615580456569,22
1.0281855988669,22
1.12027873724302,22
1.71623163804586,22
1.34748889871856,22
1.62273082717932,22
1.21931981636497,22
1.25244903759236,22
1.10458787412095,22
