"mape","daycounts"
4.8221825474792,24
3.45317710827648,24
3.96562575427773,24
2.23634876406675,24
2.24595461891149,24
4.33854283398132,24
3.77825978573136,24
26.9737068378967,24
30.2613284483096,24
34.03325828858,24
33.6717161570001,24
36.6482010125729,24
