"mape","daycounts"
0.340580691701058,23
0.303499988237215,23
0.327306665558162,23
0.344388233694609,23
0.391378103997846,23
0.360991191566982,23
0.377139514706577,23
0.428821770714482,23
0.366134207948985,23
0.400866188188822,23
0.393834934133948,23
