"mape","daycounts"
0.4620658188423,21
0.386761130026936,21
0.431105123254854,21
0.409133043307772,21
0.434021914566953,21
0.411007871837554,21
0.536491529401613,21
0.395154122169139,21
0.33685975064851,21
0.358591400523791,21
