"mape","daycounts"
1.11986887953697,25
2.15070819451425,25
1.2346449202707,25
1.73237529545186,25
0.507094150552995,25
0.76488307399972,25
0.420507002148215,25
1.27782407136315,25
1.0442674709528,25
1.13589210565163,25
0.747606908465424,25
1.06652366378538,25
