"mape","daycounts"
6.54730549891227,21
5.89933823960304,21
6.96783998456798,21
7.14097845610083,21
7.36451831263713,21
5.18253446143034,21
6.44323678703442,21
6.56626857401186,21
5.46247871084904,21
6.60309072605197,21
6.95347658174208,21
