"mape","daycounts"
6.93544946934579,25
7.91605051083564,25
8.65237045046461,25
8.6877064921254,25
8.92701990654364,25
8.44704169574475,25
8.73580104862083,25
8.3247681644055,25
9.01885086028039,25
7.56607758822716,25
7.61173557597371,25
8.67641866496047,25
10.0356251910556,25
