"mape","daycounts"
1.7702104602306,22
2.01921102147125,22
1.92173563282252,22
1.95046954408894,22
1.82109368592648,22
1.82161090404898,22
1.92728207852218,22
1.66165515343984,22
1.67739773497703,22
2.36244872380142,22
2.90898140546163,22
