"mape","daycounts"
12.320287878177,41
11.4783304603251,41
11.3392210383629,41
19.5540657188564,41
18.9502982775059,41
12.4128105730498,41
12.4291995139742,41
11.721606419429,41
11.3624012455738,41
12.3322233960429,41
11.4920864538233,41
12.2657797440437,41
12.5479663898388,41
12.1760837320412,41
12.069068300908,41
11.9984739323715,41
12.1073289746163,41
12.6416127033678,41
15.9069056809637,41
16.418103773225,41
