"mape","daycounts"
0.444080554477747,21
0.137003606263559,21
0.0809988954921052,21
0.131296941448814,21
0.124855127061681,21
0.0773760126011874,21
0.16244411568932,21
0.154697229549057,21
0.362722694132933,21
0.433263457062406,21
