"mape","daycounts"
0.817914425251383,20
0.746644182925361,20
0.693195251923843,20
0.997665708103254,20
0.764652842650818,20
0.802775737778393,20
0.592009822187724,20
0.631094192667358,20
0.511086746824885,20
1.32963662381844,20
