"mape","daycounts"
2.09870544991198,5
1.75511823916636,5
