"mape","daycounts"
0.243396022561212,28
0.264376611710135,28
0.261249915484251,28
0.256016392804248,28
0.430434278227895,28
0.419091168667748,28
0.253257919747495,28
0.211526771017551,28
0.444809335006642,28
0.398411104650421,28
0.448985128788385,28
0.345821372451394,28
0.220107048060008,28
0.378108961026963,28
