"mape","daycounts"
0.239079999623827,28
0.272139111698852,28
0.279049418378918,28
0.252703338495066,28
0.43476187974594,28
0.406321373416296,28
0.233624917393541,28
0.177738746306903,28
0.438850321357668,28
0.400164848001454,28
0.471895227664852,28
0.325119192241372,28
0.184433302819803,28
0.353229811111899,28
