"mape","daycounts"
4.77833419412887,24
3.42697907248159,24
3.94367595691244,24
2.25996236247642,24
2.26265478959152,24
4.35888137864632,24
3.77570654238353,24
26.8247144503205,24
30.3658890159253,24
34.4857581140623,24
33.9322425625145,24
36.98374683907,24
