"mape","daycounts"
11.4565901211982,38
10.9740061180391,38
9.82930853967856,38
9.64008810355275,38
10.6714391901737,38
7.25395250061032,38
7.48421768220875,38
8.63825852757449,38
8.3590464504994,38
8.29592555101494,38
8.04377269066236,38
7.4275956263298,38
7.11395300412976,38
7.97531384290985,38
7.97428620894237,38
8.45290412328525,38
13.8651053106782,38
13.1485128563929,38
14.5194946325905,38
