"mape","daycounts"
2.40645325615297,21
2.35846028331565,21
2.35541004026297,21
2.25553624939411,21
2.18580737739395,21
2.20666576137526,21
2.17572018765045,21
2.23491878864942,21
1.62935411113825,21
2.44530939658662,21
2.39478937752721,21
