"mape","daycounts"
7.81565115848985,22
6.73661342138748,22
6.84727910008443,22
6.94299999830446,22
7.27809138120996,22
7.13082471668263,22
6.61182759968346,22
6.61959595439472,22
6.19789640567283,22
7.18734763288932,22
6.44300130425513,22
