"mape","daycounts"
0.456850356804824,21
0.382027881459346,21
0.43395947778012,21
0.411340455828989,21
0.433820422611023,21
0.412356084976181,21
0.540728449634821,21
0.399393626308211,21
0.337060650663692,21
0.360704678058859,21
