"mape","daycounts"
2.15230745934847,10
1.75880066991971,10
1.00475285965542,10
1.11239325985197,10
1.26485811810084,10
