"mape","daycounts"
1.79519065112768,10
1.92049162818951,10
1.5836799393125,10
1.7794555994172,10
1.81120036978487,10
