"mape","daycounts"
7.90637872461104,21
7.49492162453144,21
8.92845026679982,21
7.92240138452439,21
8.01094620248636,21
7.80853209209285,21
8.90157600698478,21
6.70875647537879,21
8.37390509371477,21
8.06619084053528,21
