"mape","daycounts"
3.85374831280082,10
4.35026176756889,10
3.44282283029344,10
7.95516584452117,10
7.07955088128071,10
