"mape","daycounts"
6.61571869235989,23
6.35680640656612,23
6.58297828861371,23
5.93321790207509,23
6.18269685554171,23
5.86618813705159,23
5.74724135470246,23
6.49013299072563,23
6.66761371720528,23
6.39659092209701,23
8.00741058123245,23
7.89805657997257,23
