"mape","daycounts"
23.5207542711482,35
25.3820496857512,35
35.3854737413747,35
29.4949289143657,35
33.9792972406593,35
32.3471038890945,35
34.9311988925721,35
28.6322899054338,35
36.7600317472596,35
37.7839122367281,35
32.5268982011072,35
22.3440929644262,35
28.5597190748159,35
30.3828796133422,35
25.548534219779,35
37.340869800553,35
36.952846769719,35
