"mape","daycounts"
1.48019159308768,45
1.50721527638676,45
1.58527681903968,45
1.54335587379186,45
1.96339226080311,45
1.39186359160961,45
1.74474631181384,45
1.60344741257795,45
1.55240216058551,45
1.69582368000525,45
1.59855899704437,45
1.5477820817485,45
1.4999554935649,45
1.5246017116098,45
1.32781937536355,45
1.8719672869931,45
1.52264133635556,45
1.60759629532745,45
1.29633369779971,45
1.51643189944459,45
1.0610879629264,45
2.27053519149006,45
