"mape","daycounts"
2.54701458970695,19
2.55527397125474,19
2.55827199120924,19
2.50535853677721,19
3.05713587024574,19
2.61807139658792,19
2.73948902233382,19
2.17383354329941,19
2.18898130858678,19
2.3336383150199,19
