"mape","daycounts"
5.72701724156597,28
6.53158637042829,28
5.52652818829887,28
5.25078615134781,28
4.46894375224494,28
5.30686765094234,28
5.34231766358504,28
5.66609282178646,28
7.704202156982,28
6.7928045455827,28
7.39789372274391,28
5.96592120159956,28
6.15410854158441,28
5.47728968099932,28
