"mape","daycounts"
0.429650747413227,21
0.133301819730209,21
0.079101683435584,21
0.127666876958675,21
0.117705971549401,21
0.0754796858845904,21
0.166739645069036,21
0.177822909555863,21
0.351874799682513,21
0.417653255416874,21
