"mape","daycounts"
1.94689501595591,22
1.55087061469287,22
1.45547028325915,22
1.02635564377109,22
1.1199853050565,22
1.71535735804312,22
1.34670554572134,22
1.62113740707854,22
1.21970777830756,22
1.25332284997005,22
1.10375778920396,22
