"mape","daycounts"
0.81960454966909,20
0.742161480421598,20
0.694196319076972,20
0.998127026856006,20
0.756222082312723,20
0.799118255421569,20
0.584575133597783,20
0.619263374858726,20
0.522362078457379,20
1.34602014164177,20
