"mape","daycounts"
0.539498732371463,10
0.978411662180964,10
1.13155849008936,10
0.473782154839281,10
0.858831318715765,10
