"mape","daycounts"
5.41756116207381,8
5.50975944923739,8
6.05222284877062,8
6.12102322721211,8
