"mape","daycounts"
6.92853007645184,25
7.90713512309565,25
8.63667180213204,25
8.65590986172022,25
8.91141290393879,25
8.40009649453826,25
8.68214103437417,25
8.26622696510167,25
8.96955008763798,25
7.60301587413947,25
7.5641189802432,25
8.68267406459426,25
10.0310053171485,25
