"mape","daycounts"
8.00699485831056,8
8.39007717905127,8
7.8980590357693,8
9.04213205294845,8
