"mape","daycounts"
6.54779178033174,21
5.89903668157623,21
6.96783918664134,21
7.13714192425685,21
7.36239875670695,21
5.17904194667935,21
6.43972796768099,21
6.56417214710858,21
5.46227215974349,21
6.60092500785189,21
6.95149786915843,21
