"mape","daycounts"
2.09759422641846,5
1.75424422646254,5
