"mape","daycounts"
0.353208882744757,8
0.476146206558952,8
0.324639815769146,8
0.49616365232273,8
