"mape","daycounts"
12.3190917679129,41
11.478151479188,41
11.3382354748232,41
19.5563141910358,41
18.9518056493653,41
12.4121694706994,41
12.4281858620733,41
11.7209834244651,41
11.3611287378847,41
12.3316181284083,41
11.4918054291452,41
12.2639703023402,41
12.5474629328105,41
12.1753111321161,41
12.0681668713977,41
11.9986474631153,41
12.1073012110079,41
12.6412175046564,41
15.9069576816779,41
16.4195328593362,41
