"mape","daycounts"
0.352655797518312,23
0.304543249404374,23
0.316817113469517,23
0.333895621572326,23
0.376977454384104,23
0.358860107734035,23
0.383417269952779,23
0.445324295447954,23
0.366075685978905,23
0.400482252217649,23
0.389222666667397,23
