"mape","daycounts"
1.77874346311422,22
2.01107594557789,22
1.91759740722752,22
1.94935053871885,22
1.81794034566236,22
1.82917290154789,22
1.93096179572304,22
1.64902243377975,22
1.66809033927917,22
2.35343421184951,22
2.91828217843482,22
