"mape","daycounts"
1.21894817530004,14
1.08910790590306,14
0.929035990258947,14
1.03168093947232,14
0.599627042609525,14
0.835981616253417,14
0.947246724232164,14
