"mape","daycounts"
3.63162487323381,7
2.89067404120741,7
3.54307638358521,7
3.55673163337627,7
