"mape","daycounts"
1.13645552123196,25
2.15666990894715,25
1.24031498840904,25
1.73337751443433,25
0.507962779469875,25
0.752361676038233,25
0.410079778482707,25
1.23927674095398,25
1.0495810810981,25
1.13605120605204,25
0.737336563555337,25
1.06897224158481,25
