"mape","daycounts"
3.63705711627347,7
2.90291354488113,7
3.55084257709409,7
3.56264640253612,7
