"mape","daycounts"
23.5529559981703,35
25.3827907468628,35
35.4150089955166,35
29.5264854122021,35
34.0144472939419,35
32.3202688493174,35
34.9366774595237,35
28.6294508320309,35
36.7907754338219,35
37.8277094772859,35
32.5383395912468,35
22.3248649322319,35
28.5942005303289,35
30.4477454181154,35
25.5856354511605,35
37.3283373624418,35
36.9953987127854,35
