"mape","daycounts"
0.545997607968383,10
0.98861181844399,10
1.19245360800303,10
0.490282146010778,10
0.868680226824155,10
