"mape","daycounts"
0.355089563624945,8
0.477854967748939,8
0.327166249227534,8
0.496163011065013,8
