"mape","daycounts"
11.4537507617881,38
10.9791844718871,38
9.82708981835849,38
9.6312378496815,38
10.664919930192,38
7.26264710488718,38
7.47358794864946,38
8.64417403077023,38
8.36363268277453,38
8.28988419915933,38
8.03245729755404,38
7.42290076543715,38
7.10997380323458,38
7.9704849463373,38
7.96683615492768,38
8.44322429154579,38
13.8566952680952,38
13.1605794138539,38
14.5412091577814,38
