"mape","daycounts"
2.21633872568677,10
1.80422621705721,10
0.991354210479116,10
1.09958573842,10
1.25948994901223,10
