"mape","daycounts"
5.4206665420486,8
5.51555312091889,8
6.054876437013,8
6.1234773197674,8
