"mape","daycounts"
1.75668191430231,22
2.00623535933892,22
1.91061279985724,22
1.93532545359954,22
1.8029867399847,22
1.81354533139568,22
1.94899629322108,22
1.64066518003753,22
1.6520099858151,22
2.34671269767203,22
2.93161917712772,22
