"mape","daycounts"
0.352607039664453,23
0.297116673189709,23
0.318961539235879,23
0.333774806930593,23
0.377125339529557,23
0.35869679316054,23
0.381196217541639,23
0.440512562881879,23
0.347419632346304,23
0.399074356760438,23
0.389125296510387,23
