"mape","daycounts"
2.41131095277153,21
2.3589961933695,21
2.35150369987225,21
2.25262053494283,21
2.18589272627441,21
2.20845699362533,21
2.18383692228342,21
2.24069978991158,21
1.6201755366595,21
2.44361665764176,21
2.3977867578381,21
