"mape","daycounts"
1.16725818818834,25
2.18464987842414,25
1.24617335255148,25
1.70413455293675,25
0.513254319304799,25
0.751457708189348,25
0.413302396643407,25
1.24018490180194,25
1.05475619188117,25
1.14883471673948,25
0.743563155523571,25
1.05833565342504,25
