"mape","daycounts"
1.9613523179551,22
1.5646620340686,22
1.45432076265155,22
1.03307633511988,22
1.12352905196863,22
1.71662769433554,22
1.34402026371217,22
1.63603917896175,22
1.20413948979856,22
1.26121052193346,22
1.08279154060094,22
