"mape","daycounts"
3.85153576802368,10
4.3504543555788,10
3.44566757227103,10
7.94366430648021,10
7.06947192712152,10
