"mape","daycounts"
7.90601201407449,21
7.44622451824493,21
8.95891061205985,21
7.9513072907261,21
8.02611242120208,21
7.84589946393735,21
8.94064860492647,21
6.65092798793571,21
8.41426969950128,21
8.08969846161919,21
