"mape","daycounts"
8.00671967626,8
8.39006584611954,8
7.89836663425939,8
9.0407857426113,8
