"mape","daycounts"
0.239227351376633,28
0.262348685768035,28
0.24704131307804,28
0.286106444215712,28
0.403728189056507,28
0.394547522152836,28
0.228849935493738,28
0.176640619575516,28
0.419735860794212,28
0.406054148733124,28
0.474922775418593,28
0.309434786235293,28
0.183269193328677,28
0.343316796472857,28
