"mape","daycounts"
1.21800380392501,14
1.08802876893796,14
0.928910907758014,14
1.03199401862121,14
0.599573656933686,14
0.835899015185664,14
0.947521437640231,14
