"mape","daycounts"
0.461906088209745,21
0.395884136885401,21
0.42450152272954,21
0.404217885953334,21
0.430820877386612,21
0.407268794011353,21
0.542370553979195,21
0.407319705472505,21
0.334691238987376,21
0.354829196609084,21
