"mape","daycounts"
12.3186242232617,41
11.4783352489154,41
11.3385871972769,41
19.5577566360874,41
18.953458706228,41
12.4119341256312,41
12.4287660976216,41
11.7217972460204,41
11.3619752516259,41
12.3319362140799,41
11.4928744776322,41
12.2608769577278,41
12.5469080380159,41
12.175049841799,41
12.067792774639,41
11.99740266768,41
12.1051165086731,41
12.6432589972364,41
15.9085687744201,41
16.4197593050697,41
