"mape","daycounts"
2.09744253240084,5
1.75458704930898,5
