"mape","daycounts"
6.61566067762131,23
6.35675321564552,23
6.56831440783488,23
5.93098520598351,23
6.17479645227597,23
5.87205689563589,23
5.75212351713636,23
6.48832104641933,23
6.67369938547241,23
6.39603440269031,23
8.01958224566862,23
7.90900978873584,23
