"mape","daycounts"
1.79569077446063,10
1.92347535248647,10
1.59069585131622,10
1.77888972493033,10
1.80882962133136,10
