"mape","daycounts"
7.82762264058307,22
6.74414531552003,22
6.87581033432819,22
6.95357402764506,22
7.3034947125573,22
7.13606609844173,22
6.64084785663255,22
6.61656199947421,22
6.19878470693766,22
7.23399229405791,22
6.61410268628305,22
