"mape","daycounts"
2.54579012947654,19
2.55274988410544,19
2.56355147438648,19
2.5094055852437,19
3.05370339657028,19
2.61428165979171,19
2.73675333338749,19
2.17446454741957,19
2.1882147318578,19
2.34022027902066,19
