"mape","daycounts"
0.801980273881552,20
0.737077850704834,20
0.680225611744019,20
1.00378944703437,20
0.759592102036936,20
0.803191201583168,20
0.582241000157379,20
0.627496515725755,20
0.497492455738597,20
1.34306309148202,20
