"mape","daycounts"
4.77483513405843,24
3.41829897669321,24
3.96107319084963,24
2.28748211725427,24
2.29537641780076,24
4.36072236338423,24
3.75087459021656,24
26.7990127029246,24
30.3505687268227,24
34.1403450059718,24
33.777161541082,24
36.903446610197,24
