"mape","daycounts"
0.417309870178079,21
0.136935573418979,21
0.0763690875844159,21
0.123844715750024,21
0.116106244416395,21
0.077411249425757,21
0.166466759054608,21
0.163734107767459,21
0.363300920560109,21
0.404395886579936,21
