"mape","daycounts"
1.48019778936771,45
1.50714917125363,45
1.58519011638829,45
1.54356400802831,45
1.96373520732558,45
1.39234142681207,45
1.74487395600195,45
1.60285402444295,45
1.55249282768409,45
1.69583379258124,45
1.59854154103388,45
1.54730026701698,45
1.50069283564219,45
1.52476318443658,45
1.32850139477403,45
1.87225098315211,45
1.52223798084131,45
1.60758425701655,45
1.29644903521198,45
1.51663679093829,45
1.06168213240176,45
2.27022553704124,45
