"mape","daycounts"
0.0635351015406162,1
0.0581932773109244,2
0.0821323641636141,3
0.0989125457875458,4
0.0787944408532644,5
0.165761148573649,6
0.0849348950106358,7
