"mape","daycounts"
0.123603279030911,1
0.0612821115288221,2
0.138566762343936,3
0.0934542047502553,4
0.132156892973541,5
0.0844626117991056,6
0.138921100238341,7
0.0608909389797369,8
