"mape","daycounts"
0.0627403117568414,4
0.0393173820690543,4
0.365411934177115,4
0.11272086168849,4
0.0783113103502043,4
