"mape","daycounts"
0.516471962004343,10
0.432207725796313,10
0.533850034422615,10
0.236666613235524,10
0.429469206825692,10
0.451720189816776,10
0.589273012960049,10
0.759510930659113,10
1.35352408044964,10
0.60299520637485,10
0.510858832731203,10
