"mape","daycounts"
0.0791619438678456,8
0.168570408163905,8
0.328523227049389,8
0.249728515474366,8
