"mape","daycounts"
0.100106635204293,10
0.158964077839341,10
0.103328728400609,10
0.0616606848187926,10
0.0708340182174909,10
