"mape","daycounts"
0.107704677701141,10
0.13700432473596,10
0.169911225112701,10
0.601213061195337,10
0.497352933026223,10
