"mape","daycounts"
0.217813561154794,14
0.200413698105635,14
0.0373416731511465,14
0.157978634669606,14
0.239925627938592,14
0.0757203986097907,14
0.0503991328995721,14
