"mape","daycounts"
0.117059551987176,6
0.0935751574420169,6
0.221035852775842,6
