"mape","daycounts"
0.2324732287616,8
0.25082483237118,8
0.333782809700799,8
0.0705949271929324,8
