"mape","daycounts"
0.104002387308343,5
0.176341452381956,5
