"mape","daycounts"
1.04529340370945,11
2.03755130135135,11
2.18773753184337,11
0.553660470032066,11
1.74370666380852,11
