"mape","daycounts"
0.407226380704236,7
0.136305434465002,7
0.34762770764262,7
0.234019597171761,7
