"mape","daycounts"
0.0691982113279744,5
0.182261189943014,5
0.118541449682415,5
