"mape","daycounts"
0.230657631000107,8
0.328312642867808,8
0.252786310877341,8
0.185485886806325,8
