"mape","daycounts"
0.870449096701288,10
0.440739064516991,10
1.66321222632612,10
0.365802566519166,10
0.736276311918753,10
