"mape","daycounts"
0.313123147083233,10
0.215173011709651,10
0.435463252983772,10
0.350285738863067,10
0.308376047393548,10
