"mape","daycounts"
0.334715389713884,14
0.329066143397824,14
0.0517764608692623,14
0.0363546763546893,14
0.152361098845072,14
0.0414341988053582,14
0.0406201924078969,14
