"mape","daycounts"
0.494671544535387,10
0.783693721124538,10
0.673530872328376,10
0.421437787700171,10
0.626392766169844,10
