"mape","daycounts"
0.126001038342261,10
0.138436067901218,10
0.375703822892138,10
0.318124144515113,10
0.26090953890282,10
