"mape","daycounts"
0.845226709887275,11
0.548788556311136,11
0.173110709492889,11
0.902844504377647,11
1.42311175981501,11
