"mape","daycounts"
0.0886718491536098,10
0.0997289677111307,10
0.103336529769202,10
0.0477770217641141,10
0.0728759665728371,10
