"mape","daycounts"
0.0286688747902587,8
0.0535538795790104,8
0.0268611620319257,8
0.0175375364609372,8
