"mape","daycounts"
0.057411146590975,5
0.208237158483621,5
0.14585761677452,5
