"mape","daycounts"
0.0336139320348416,8
0.164101006585293,8
0.0991728488424842,8
0.122988668168346,8
