"mape","daycounts"
0.0867877237428728,6
0.108699616859655,6
0.0481143688746016,6
