"mape","daycounts"
0.181974027240633,8
0.204545688093306,8
0.205128233123595,8
0.08108574087189,8
