"mape","daycounts"
0.125342289034796,5
0.225522738446013,5
