"mape","daycounts"
0.0700761891472033,7
0.0747845726208135,7
0.0270681319470829,7
0.0414880930683311,7
