"mape","daycounts"
0.0590249647333774,10
0.0750798117847084,10
0.0989859664144491,10
0.737728415301021,10
0.585583818053357,10
