"mape","daycounts"
0.147469789707776,5
0.0731075383727771,5
0.0732079402433262,5
0.0727702498152527,5
0.133518825337538,5
0.122024887780276,5
