"mape","daycounts"
0.102853856768864,7
0.0954178372987643,7
0.161377912778054,7
0.101949734524135,7
0.0881713653586153,7
0.102989258858835,7
0.116535659358451,7
0.145289687437142,7
