"mape","daycounts"
0.0321168244602965,4
0.0613631773293438,4
0.139761782765941,4
0.0981375587485066,4
0.0835415411804817,4
