"mape","daycounts"
0.0756733542649876,7
0.0542592247353167,7
0.113371594899411,7
0.500655032706683,7
0.0716956264447811,7
0.0668322422800528,7
0.150069953977199,7
0.15789467820481,7
