"mape","daycounts"
0.146404853471072,7
0.187055519596623,7
0.203508507292518,7
0.0640843859090215,7
0.154837597293508,7
0.122702519993128,7
0.0392023642453661,7
0.0748180193788922,7
