"mape","daycounts"
0.0610426448344275,4
0.0474942518911343,4
0.0523966584808602,4
0.0934516113345999,4
0.133988670411647,4
