"mape","daycounts"
0.174559647816244,6
0.161522560957749,6
0.157913358061961,6
0.198912304216571,6
0.16805660165399,6
0.195832536769551,6
0.304044130349745,6
