"mape","daycounts"
0.512313742113493,10
0.757108524646977,10
0.829169886360106,10
0.349286913222216,10
0.633553505702852,10
