"mape","daycounts"
0.0539984917065271,6
0.0884393836799676,6
0.0808417007250512,6
