"mape","daycounts"
0.066631165829434,7
0.0899229822471181,7
0.0621793830471799,7
0.0391025701491853,7
