"mape","daycounts"
0.353696399989895,14
0.354428139762682,14
0.0508809831074018,14
0.0393306211208439,14
0.149678040308453,14
0.0419563831439378,14
0.0294042190902193,14
