"mape","daycounts"
0.0606241778815899,10
0.0908623302977224,10
0.136367123997887,10
0.0559224051181965,10
0.0502791076691595,10
