"mape","daycounts"
0.110642554878619,22
0.0917593211181519,22
0.0912713150219691,22
0.0692407744729944,22
0.0423400984468402,22
0.0610790802609491,22
0.100058917068026,22
0.10245040497984,22
0.156814097149557,22
0.106757219024543,22
0.116672851944351,22
