"mape","daycounts"
0.10431534557265,25
0.0428242525412834,25
0.0955640073621755,25
0.0972295140938195,25
0.122818242448996,25
0.0863844948438878,25
0.101496755909187,25
0.0714946734947436,25
0.135625336807964,25
0.0423242697316057,25
0.0442068827000806,25
0.104816393109378,25
0.256104128551565,25
