"mape","daycounts"
0.0292391975429114,8
0.0403293481479832,8
0.0557177015455223,8
0.0555717937339837,8
