"mape","daycounts"
0.0533168617853412,23
0.0454200661588351,23
0.164457126414492,23
0.0623943438227606,23
0.0303436439709709,23
0.065044567788121,23
0.08543056727866,23
0.0543757412588808,23
0.0625332257801321,23
0.0410981111514635,23
0.23730490247979,23
0.220107468082879,23
