"mape","daycounts"
0.0611477012394957,5
0.176395131737062,5
0.128917925409386,5
