"mape","daycounts"
0.0705887807857625,10
0.0748081540386202,10
0.0761509454530862,10
0.790477281860565,10
0.631884706725503,10
