"mape","daycounts"
0.0587192227152725,8
0.0999120306894957,8
0.0344564220218984,8
0.144752044867516,8
