"mape","daycounts"
0.160365375576034,8
0.213475223209728,8
0.188232701247194,8
0.0578503290315121,8
