"mape","daycounts"
0.0601986427085994,10
0.0969609843112499,10
0.127162669095453,10
0.0567504634380325,10
0.0508487273755623,10
