"mape","daycounts"
0.130256365513452,10
0.130767209512916,10
0.415693994544863,10
0.381392547942687,10
0.333833990477643,10
