"mape","daycounts"
0.133372289691993,5
0.236013938546933,5
