"mape","daycounts"
0.393925114876878,11
0.775747856886636,11
0.126759324343825,11
0.657460992151877,11
0.753994356501142,11
