"mape","daycounts"
0.0644051790665727,6
0.206448557295409,6
0.0889666154673132,6
