"mape","daycounts"
0.114810685226014,10
0.172074530761394,10
0.136065430372199,10
0.633478391866164,10
0.56193548568206,10
