"mape","daycounts"
0.510790516831043,11
1.46549233220367,11
0.446247834688218,11
0.477418080546318,11
1.73739714938196,11
