"mape","daycounts"
0.503764215064574,14
0.335927554470487,14
0.0562806224822374,14
0.106635521431806,14
0.337174038213429,14
0.158517008748384,14
0.0877621094791077,14
