"mape","daycounts"
0.0767096652232781,5
0.130178604323635,5
0.143885124812481,5
