"mape","daycounts"
0.0926058447607241,8
0.0962676013220077,8
0.0597143296900335,8
0.0360703971034654,8
