"mape","daycounts"
0.0746265751411543,5
0.127448947514089,5
