"mape","daycounts"
0.0566175223947133,8
0.355988289829051,8
0.356542671077527,8
0.284648250343897,8
