"mape","daycounts"
0.259738651367756,7
0.196927009326732,7
0.334766445229946,7
0.168433275254646,7
