"mape","daycounts"
0.0912765245136876,35
0.594215053942922,35
0.435516867758623,35
2.04834565019296,35
1.01022694808321,35
0.633864585235302,35
0.920615729788152,35
0.797609598584011,35
0.179036958320078,35
0.256255523803029,35
0.315224077155589,35
0.457821528972294,35
1.22526036662384,35
1.15345730826883,35
0.183261012393408,35
0.411064957505618,35
0.292757431224059,35
