"mape","daycounts"
1.6449713245272,10
1.76761489598563,10
1.03619187294088,10
0.678472389837095,10
1.66010432295253,10
