"mape","daycounts"
0.189263350853524,8
0.199556148272359,8
0.232621974574367,8
0.0814597387907696,8
