"mape","daycounts"
0.576104738394331,23
0.441228181114012,23
0.134295994877301,23
0.448375173636443,23
1.11532944092546,23
0.0985242054433208,23
0.192452987736663,23
0.172032803838519,23
0.187031939100643,23
0.19528036848052,23
0.0911482844222202,23
0.639826742484827,23
