"mape","daycounts"
0.279726362504344,10
0.275915432620106,10
0.0684162528103749,10
0.0568101686865015,10
0.133485642977867,10
