"mape","daycounts"
0.232458253188568,10
0.178800941825331,10
0.289778749385629,10
0.292265549328363,10
0.245183013228064,10
