"mape","daycounts"
0.528333333333333,10
0.78875,10
0.849375,10
0.349375,10
0.645,10
