"mape","daycounts"
0.117969686139396,28
0.24567815680098,28
0.119984685197635,28
0.0788625413825736,28
0.055716960081815,28
0.035529586336638,28
0.153652457300721,28
0.0274687096017339,28
0.0345964544264737,28
0.0405443481008372,28
0.0693804053918215,28
0.0312271257846406,28
0.0424569332917803,28
0.0434690484688753,28
0.0802856890574027,28
0.102640376464043,28
0.0727722730117839,28
0.0502174655889243,28
0.106914044399113,28
