"mape","daycounts"
0.0585158000548031,8
0.0983409226988819,8
0.0321054816915884,8
0.144994932134673,8
