"mape","daycounts"
0.101021145722233,23
0.0624544658677457,23
0.0482065242964345,23
0.210183717097693,23
0.0880410516491321,23
0.0707431261665422,23
0.184843590109707,23
0.220476521791748,23
0.178850674828996,23
0.162967400919178,23
0.413384484228474,23
0.409177760778224,23
