"mape","daycounts"
0.0856970031602384,45
0.0708394271170006,45
0.0622237484737485,45
0.0597027879527879,45
0.0982451113701114,45
0.102371693121693,45
0.0436374505124505,45
0.0476695665445665,45
0.0585729548229548,45
0.0737816061253561,45
0.0463814657564658,45
0.0617681623931624,45
0.0600511294261294,45
0.0628098290598291,45
0.10630291005291,45
0.0544408831908832,45
0.078254477004477,45
0.0547832722832723,45
0.149505699502023,45
0.0826429588929589,45
0.205750272331155,45
0.212081930415264,45
