"mape","daycounts"
0.0480607135668277,28
0.0393948657773386,28
0.364996149227235,28
0.13360650233885,28
0.103071880526083,28
