"mape","daycounts"
0.162596686362876,28
0.134058439858436,28
0.159252036960469,28
0.0477418915453926,28
0.0670065818665658,28
0.0488954781397669,28
0.0906450677455603,28
0.102722167745867,28
