"mape","daycounts"
0.0844626117991056,6
0.149595892816191,6
0.0470450123786079,6
