"mape","daycounts"
0.0578275240384615,28
0.0458218443627451,28
0.0693507090336134,28
0.0740284455128205,28
0.0989125457875458,28
