"mape","daycounts"
0.359258078231293,14
0.360044642857143,14
0.0506395351202682,14
0.0461225778190064,14
0.142156116075953,14
0.0471841128796016,14
0.0320465327279237,14
