"mape","daycounts"
0.120460804316573,28
0.033099177475213,28
0.0493393532873693,28
0.106726814423226,28
0.0909076016740252,28
0.0222087506481046,28
0.108303472805565,28
0.0366614147760323,28
0.0834725781541933,28
0.0378842859287546,28
0.0779569937175353,28
0.0909310881413471,28
0.0627325397480392,28
0.0237959930881792,28
0.97312749392386,28
0.160236248085049,28
0.125958647058757,28
0.132833939857675,28
0.0566603393901668,28
0.0421000506420702,28
0.204230335227958,28
0.156792949045938,28
