"mape","daycounts"
0.203337579549364,28
0.0472823631047315,28
0.0535448609268269,28
0.099767904197252,28
0.108856819091099,28
0.132156892973541,28
