"mape","daycounts"
0.0700213523328603,35
0.0604728597107042,35
0.436991396728811,35
0.278225297253352,35
0.368451129357348,35
0.303744505678273,35
0.405535489480405,35
0.183906408625013,35
0.484604393053407,35
0.523921601901341,35
0.318759577408383,35
0.0869054875140293,35
0.181450466418124,35
0.236399470071698,35
0.203121722697942,35
0.500123314224792,35
0.493911665000317,35
