"mape","daycounts"
0.137274338819104,10
0.111104217833124,10
0.39775360358301,10
0.369636393965459,10
0.32959040037992,10
