"mape","daycounts"
0.304875213935123,28
0.0364766757821399,28
0.205994171158949,28
0.140392415675998,28
0.0539869749138625,28
0.0625836366512809,28
0.112912530132176,28
