"mape","daycounts"
0.0474938477298731,24
0.243415219385775,24
0.146264471404922,24
0.430174949031571,24
0.431791923639153,24
0.0859336501027233,24
0.181519275214477,24
3.88082462697472,24
4.57972627579013,24
5.28159732975063,24
5.14286963226139,24
5.72200431719621,24
