"mape","daycounts"
0.026879404065108,8
0.0331804555085451,8
0.0769801212165517,8
0.0808193050176332,8
