"mape","daycounts"
0.0374701578563087,28
0.038865729806585,28
0.223525363311892,28
0.351468801460416,28
0.156556650223036,28
0.100830995483624,28
0.0681916387628492,28
0.130519120477113,28
