"mape","daycounts"
0.0405992445054945,20
0.0444791666666667,20
0.059985119047619,20
0.11552483974359,20
0.0515052655677656,20
0.0496565934065934,20
0.0948591780462185,20
0.0442273351648352,20
0.154453890931373,20
0.29204071969697,20
