"mape","daycounts"
0.0521193439557495,10
0.0976261906733945,10
0.0845425698839231,10
0.828898659200406,10
0.667778130030325,10
