"mape","daycounts"
0.0485380397438769,23
0.041907529747884,23
0.158850578090367,23
0.0663342440772389,23
0.0317087319930286,23
0.0679882156156967,23
0.0807474235880164,23
0.054383465071524,23
0.0397372252822,23
0.0393911019330404,23
0.223416322314376,23
0.20817003561538,23
