"mape","daycounts"
0.0889650397581173,28
0.0170851718152507,28
0.115537803055383,28
0.151873381666332,28
0.258232274826359,28
0.146048382916016,28
0.143491932564305,28
0.0992345777275772,28
0.172744740929225,28
0.0534890204723332,28
0.135669454884657,28
0.058310515900438,28
0.0352656907732683,28
0.119409241091139,28
