"mape","daycounts"
0.0787944408532644,5
0.177021728271728,5
0.116564821272639,5
