"mape","daycounts"
0.166817924491009,25
0.256755158319979,25
0.409491657463212,25
0.301883696829352,25
0.419173703380943,25
0.341238892032325,25
0.46828461169996,25
0.144682984989363,25
0.227966038254664,25
0.186561045078457,25
0.363187630066492,25
0.241409419007813,25
