"mape","daycounts"
0.115813680029545,5
0.218859188848065,5
