"mape","daycounts"
0.0602988991325275,10
0.106619359068473,10
0.113633850032573,10
0.0501302489839372,10
0.0491858311816377,10
