"mape","daycounts"
0.154449074730241,21
0.140831405517293,21
0.136990400021192,21
0.106198018992697,21
0.0866621136438009,21
0.0836037094730675,21
0.0809335444874893,21
0.10089097173518,21
0.107583713254638,21
0.18392953994259,21
0.168522756730875,21
