"mape","daycounts"
0.104394578500875,25
0.0434982639454282,25
0.0968450224303605,25
0.0980666300823564,25
0.123150975886498,25
0.0868179618335396,25
0.10153810534974,25
0.0713794819403302,25
0.135556700687522,25
0.0424214712524301,25
0.0441685582269825,25
0.103831710241552,25
0.254800027633113,25
