"mape","daycounts"
0.234614674364588,28
0.152779983575042,28
0.196566969898078,28
0.356238583665359,28
0.14874059881501,28
0.154842641870152,28
0.12005638969175,28
0.169680346888186,28
0.207394274491565,28
0.165247487721133,28
0.287337139447421,28
0.273114804031376,28
0.281333272933186,28
0.151904868679188,28
