"mape","daycounts"
0.25012194073201,23
0.0955707505230035,23
0.0795988962187952,23
0.0407177705496712,23
0.0954883978248492,23
0.155922580183643,23
0.0636705456370553,23
0.0681000700369983,23
0.0408225525261353,23
0.0720479984544821,23
0.040743407603241,23
