"mape","daycounts"
0.119941948024658,28
0.201045984112222,28
0.220508110347906,28
0.0737688112632919,28
0.252705162987794,28
0.0486138537678419,28
0.148457998095326,28
0.0489203407348461,28
0.382077903001955,28
0.709517221900215,28
0.0633846176952036,28
0.0633054493518097,28
0.0758765977788375,28
0.0508735291296104,28
0.0854905312601274,28
0.0773858521786667,28
0.0661110350106129,28
0.0339053050963279,28
0.0924826707612545,28
0.0311989344699141,28
0.182884273571591,28
