"mape","daycounts"
0.347459723156086,28
0.287740972700982,28
0.277097657127171,28
0.0534332077440489,28
0.0588166485260985,28
0.0633450169472179,28
0.138754206338713,28
0.025337895531194,28
0.101898699634829,28
0.177984212245845,28
0.0984530581868024,28
0.070621244412902,28
0.099183530824494,28
0.0605751736683639,28
0.0446226867432192,28
0.0376454060854985,28
0.0258770548026907,28
0.0441884598323826,28
0.0267528753501311,28
0.108926140779526,28
0.130380387821912,28
