"mape","daycounts"
0.041192756606666,21
0.0797622709973464,21
0.0848549916347365,21
0.104227091137762,21
0.136128853783878,21
0.169752545763891,21
0.0245168021421023,21
0.0306215478543076,21
0.131613629045206,21
0.0415906863741764,21
0.0794400952431797,21
