"mape","daycounts"
0.0687439455220333,7
0.0816216666303502,7
0.0872695606387799,7
0.0639232229536758,7
