"mape","daycounts"
0.0785714285714286,21
0.0591765873015873,21
0.111011904761905,21
0.0904265873015873,21
0.100744047619048,21
0.0701388888888889,21
0.131994047619048,21
0.0953869047619048,21
0.131001984126984,21
0.103422619047619,21
