"mape","daycounts"
0.118713354812493,22
0.0436363231675732,22
0.0687608398545898,22
0.0528629183316683,22
0.0914349802496354,22
0.0876186891811892,22
0.0468701842139342,22
0.147404859230499,22
0.149908064335553,22
0.111049185887963,22
0.311744029749061,22
