"mape","daycounts"
0.160165345366283,8
0.215435965095885,8
0.185656538382505,8
0.0582950412259012,8
