"mape","daycounts"
0.151974615496669,38
0.147208227805601,38
0.0360203754664053,38
0.0993954494347552,38
0.113104163821394,38
0.251425973274406,38
0.231503295998248,38
0.139022600588642,38
0.147016263418814,38
0.15965758881318,38
0.184950425688829,38
0.238967417948162,38
0.267813691669216,38
0.188429775916901,38
0.188246001364636,38
0.145172563242327,38
0.343004792597122,38
0.280513215030458,38
0.409307897836462,38
