"mape","daycounts"
0.103684941893795,41
0.146516824977895,41
0.159537297501469,41
0.414682811449378,41
0.372099654404848,41
0.0862353189747513,41
0.089013459743644,41
0.135886089178841,41
0.157326899929772,41
0.0899572446968331,41
0.148901169819163,41
0.0956971514773823,41
0.0791986193168851,41
0.101357066800422,41
0.109051922914463,41
0.112776107336532,41
0.108268559347334,41
0.0712086542999709,41
0.149753324863886,41
0.186267419872268,41
