"mape","daycounts"
0.387405303030303,11
0.771969696969697,11
0.126609848484848,11
0.625189393939394,11
0.725568181818182,11
