"mape","daycounts"
0.0273865748618848,28
0.172241202260279,28
0.170081942277413,28
0.0577106711031999,28
0.0474153321726888,28
0.0555973942079274,28
0.0476289681522083,28
0.0796120953317495,28
