"mape","daycounts"
0.514791666666667,28
0.434583333333333,28
0.472083333333333,28
0.23375,28
0.427053571428571,28
0.448789682539683,28
0.884583333333333,28
0.679375,28
1.340625,28
0.531145833333333,28
0.511287878787879,28
