"mape","daycounts"
0.167748246814476,28
0.160988199294395,28
0.137528301958757,28
0.0188201465232209,28
0.0790890937008671,28
0.138240125595834,28
1.14518990132259,28
0.596862934631475,28
0.367130018213577,28
0.480076920004939,28
0.0514657130793297,28
0.0886376993157458,28
0.184884819221828,28
0.175156668222983,28
0.121221059561333,28
0.146172529007825,28
0.156429654769618,28
0.0749079401866783,28
0.126412934432699,28
0.145063989748515,28
0.105769759018883,28
0.0911409374031066,28
