"mape","daycounts"
0.0856160240452674,7
0.107746773792683,7
0.128648491497254,7
0.0456670649365329,7
0.0398850820529436,7
0.0280193589491468,7
0.0239578075508013,7
0.0398243587573579,7
