"mape","daycounts"
0.0558470438104331,4
0.0289065643770505,4
0.297815456849638,4
0.0834313220275304,4
0.0717465903283919,4
