"mape","daycounts"
0.247078786309635,6
0.103660661950641,6
0.138675586532681,6
0.0835958758671395,6
0.068815562374497,6
0.0590181771549685,6
0.0917254317661263,6
