"mape","daycounts"
0.166452202073099,7
0.173461186472656,7
0.148808034588533,7
0.0746677249131441,7
0.0621521699068399,7
0.0403710012343494,7
0.109602087072885,7
0.0908986112972149,7
