"mape","daycounts"
0.109959158474741,21
0.07830372228706,21
0.0858277948739338,21
0.0916261927673864,21
0.125727687016788,21
0.17041364806747,21
1.20816927602758,21
0.468211604348049,21
0.262460282139466,21
0.374910487608006,21
0.145214483540374,21
0.192086254679796,21
0.143281405488362,21
0.0931618495680232,21
0.0741493434577891,21
0.0575346381438873,21
0.0880223530583198,21
0.158859570840167,21
0.250920420556065,21
0.0576755074177657,21
0.0546958682271518,21
0.115085103935313,21
