"mape","daycounts"
0.0768340636024708,7
0.0119858091146779,7
0.179018661877075,7
0.366223906483237,7
0.119432430337721,7
0.116997933922324,7
0.0354447409063284,7
0.115914483935677,7
