"mape","daycounts"
0.182996485963435,5
0.0765861694977804,5
0.0851290897273856,5
0.0916863245701749,5
0.162930325611385,5
0.145663868853231,5
