"mape","daycounts"
0.0585121676839596,4
0.0532907820427293,4
0.0578026061755179,4
0.0758159533850988,4
0.0904617522468315,4
