"mape","daycounts"
0.10668340020211,9
0.227487631999327,9
0.080772431540502,9
0.192205428426276,9
0.126180261945507,9
0.0768867889494685,9
0.136734753610097,9
1.06824722362231,9
0.0784705331407329,9
0.114803735450155,9
