"mape","daycounts"
0.344404876189526,10
0.83365050307367,10
0.259818964496436,10
0.252892648426817,10
0.49360963557947,10
0.47256195880619,10
1.05177155416545,10
0.447096538317878,10
1.24357444050931,10
0.628941990917751,10
0.519719675160981,10
