"mape","daycounts"
0.0291090250329381,1
0.296813322368421,2
0.1710597474067,3
0.103071880526083,4
0.115813680029545,5
0.202028633280806,6
