"mape","daycounts"
0.0536242890070981,4
0.0438428262855423,4
0.0524726101566984,4
0.136058239818643,4
0.160649083072591,4
