"mape","daycounts"
0.11697918475158,7
0.0981835032665315,7
0.0489466006406389,7
0.0424257660268087,7
0.0322123476901158,7
0.0612357764674984,7
0.0613056591606228,7
0.0996701492182478,7
