"mape","daycounts"
0.0255796598046764,7
0.0317950404671391,7
0.202279087714151,7
0.729505423178215,7
0.184124967727847,7
0.05966711856842,7
0.0702744840489076,7
0.178056090995681,7
