"mape","daycounts"
0.072582631224421,7
0.0482955760917539,7
0.149862259509964,7
0.0700276077625532,7
0.0916514087152526,7
0.0797078509065767,7
0.115039353324326,7
0.123075408595408,7
