"mape","daycounts"
0.138522463872906,4
0.162486362985918,4
0.102116702775606,4
0.103823213167909,4
0.125315446992195,4
