"mape","daycounts"
0.21166509856811,6
0.0161274049181291,6
0.166542096674345,6
0.0508605032723706,6
0.159178458493015,6
0.0510380119824283,6
0.120555456817919,6
