"mape","daycounts"
0.061858140805575,5
0.0525754724195857,5
0.042955358288314,5
0.0798638179862534,5
0.114995305536438,5
0.111326919561591,5
