"mape","daycounts"
0.0536487139708953,4
0.0453171411926083,4
0.0598933829822176,4
0.0716109988774629,4
0.0902942443164415,4
