"mape","daycounts"
0.22850737626203,5
0.0615666323984875,5
0.0481031394215699,5
0.122790924495997,5
0.103173988254924,5
0.143067979423884,5
