"mape","daycounts"
0.0858643549488337,7
0.138694954928881,7
0.112909325292138,7
0.0480538069852042,7
0.0458901080739999,7
0.0417512954467315,7
0.03541023749359,7
0.0768275517272496,7
