"mape","daycounts"
0.0466336173830129,7
0.0360909774274013,7
0.230111479196207,7
0.334704522535445,7
0.138780445369557,7
0.0904038292677993,7
0.0907993330052766,7
0.173839878690179,7
