"mape","daycounts"
0.176345290684773,7
0.140283748246935,7
0.157152196881995,7
0.0515350563633739,7
0.0713828987146139,7
0.0488061692153822,7
0.0999911020506226,7
0.0949662199728319,7
