"mape","daycounts"
0.251784430549001,6
0.0816457020058424,6
0.144694455021749,6
0.127421103131004,6
0.0449515012305676,6
0.0480233437535419,6
0.104668667318624,6
